step,time,jpos,jvel,mlen,act,reward,cumulative_reward,solved,pose_err,muscle_fatigue,muscle_activation,muscle_recovery,avg_fatigue,force_scale,activation_slowdown,ctrl
0,0.0,[0.0074],[0.8124],[0.0631 0.2778 0.1667 0.1543 0.4218 0.3416 0.1472],[0.001 0.001 0.001 0.786 0.786 0.786],-2.8270758259245006,-2.8270758259245006,False,[1.6926],[0. 0. 0. 0. 0. 0.],[5.5278e-04 5.5278e-04 5.5278e-04 9.2414e-01 9.2414e-01 9.2414e-01],[0.9994 0.9994 0.9994 0.0759 0.0759 0.0759],0.0,1.0,1.0,"[0.0000e+00 5.5278e-04 5.5278e-04 5.5278e-04 9.2414e-01 9.2414e-01
 9.2414e-01]"
1,0.02,[0.0364],[1.9839],[0.3092 0.2784 0.1673 0.1549 0.4215 0.3413 0.1468],[0.001  0.001  0.001  0.8827 0.8827 0.8827],-2.9377277783153346,-5.764803604239836,False,[1.6636],[1.0083e-07 1.0083e-07 1.0083e-07 1.6856e-04 1.6856e-04 1.6856e-04],[5.5268e-04 5.5268e-04 5.5268e-04 9.2397e-01 9.2397e-01 9.2397e-01],[0.9994 0.9994 0.9994 0.0759 0.0759 0.0759],8.43321477793157e-05,1.0,1.0,"[0.0000e+00 5.5268e-04 5.5268e-04 5.5268e-04 9.2397e-01 9.2397e-01
 9.2397e-01]"
2,0.04,[0.0896],[3.2153],[0.7612 0.2795 0.1684 0.1561 0.4209 0.3407 0.146 ],[0.001  0.001  0.001  0.9112 0.9112 0.9112],-2.9256190540106704,-8.690422658250506,False,[1.6104],[2.0164e-07 2.0164e-07 2.0164e-07 3.3710e-04 3.3710e-04 3.3710e-04],[5.5268e-04 5.5268e-04 5.5268e-04 9.2444e-01 9.2444e-01 9.2444e-01],[0.9994 0.9994 0.9994 0.0752 0.0752 0.0752],0.00016864875483043866,1.0,1.0,"[0.0000e+00 5.5268e-04 5.5268e-04 5.5268e-04 9.2444e-01 9.2444e-01
 9.2444e-01]"
3,0.06,[0.1676],[4.469],[1.4248 0.2813 0.1702 0.1579 0.4198 0.3397 0.1449],[0.001  0.001  0.001  0.9198 0.9198 0.9198],-2.86006208895986,-11.550484747210366,False,[1.5324],[3.0244e-07 3.0244e-07 3.0244e-07 5.0562e-04 5.0562e-04 5.0562e-04],[5.5268e-04 5.5268e-04 5.5268e-04 9.2399e-01 9.2399e-01 9.2399e-01],[0.9994 0.9994 0.9994 0.0755 0.0755 0.0755],0.00025296060522961815,1.0,1.0,"[0.0000e+00 5.5268e-04 5.5268e-04 5.5268e-04 9.2399e-01 9.2399e-01
 9.2399e-01]"
4,0.08,[0.2709],[5.7381],[2.303  0.2837 0.1726 0.1603 0.4181 0.3379 0.1434],[0.001  0.001  0.001  0.9229 0.9229 0.9229],-2.7611723127295082,-14.311657059939874,False,[1.4291],[4.0325e-07 4.0325e-07 4.0325e-07 6.7415e-04 6.7415e-04 6.7415e-04],[5.5268e-04 5.5268e-04 5.5268e-04 9.2439e-01 9.2439e-01 9.2439e-01],[0.9994 0.9994 0.9994 0.0749 0.0749 0.0749],0.00033727843412897674,1.0,1.0,"[0.0000e+00 5.5268e-04 5.5268e-04 5.5268e-04 9.2439e-01 9.2439e-01
 9.2439e-01]"
5,0.1,[0.3997],[7.0121],[3.3977 0.2868 0.1757 0.1634 0.4154 0.3353 0.1416],[0.001  0.001  0.001  0.9236 0.9236 0.9236],-2.6334309940292218,-16.945088053969094,False,[1.3003],[5.0406e-07 5.0406e-07 5.0406e-07 8.4257e-04 8.4257e-04 8.4257e-04],[5.5268e-04 5.5268e-04 5.5268e-04 9.2399e-01 9.2399e-01 9.2399e-01],[0.9994 0.9994 0.9994 0.0752 0.0752 0.0752],0.0004215384940398571,1.0,1.0,"[0.0000e+00 5.5268e-04 5.5268e-04 5.5268e-04 9.2399e-01 9.2399e-01
 9.2399e-01]"
6,0.12,[0.5538],[8.2638],[4.7073 0.2905 0.1794 0.1671 0.4116 0.3314 0.1396],[0.001  0.001  0.001  0.9242 0.9242 0.9242],-2.4800946505190913,-19.425182704488186,False,[1.1462],[6.0487e-07 6.0487e-07 6.0487e-07 1.0111e-03 1.0111e-03 1.0111e-03],[5.5268e-04 5.5268e-04 5.5268e-04 9.2440e-01 9.2440e-01 9.2440e-01],[0.9994 0.9994 0.9994 0.0746 0.0746 0.0746],0.0005058557658919519,1.0,1.0,"[0.0000e+00 5.5268e-04 5.5268e-04 5.5268e-04 9.2440e-01 9.2440e-01
 9.2440e-01]"
7,0.14,[0.7323],[9.4483],[6.2243 0.2948 0.1837 0.1713 0.4062 0.3261 0.1374],[0.001 0.001 0.001 0.924 0.924 0.924],-2.3014837790783638,-21.72666648356655,False,[0.9677],[7.0567e-07 7.0567e-07 7.0567e-07 1.1794e-03 1.1794e-03 1.1794e-03],[5.5268e-04 5.5268e-04 5.5268e-04 9.2399e-01 9.2399e-01 9.2399e-01],[0.9994 0.9994 0.9994 0.0748 0.0748 0.0748],0.000590068980773973,1.0,1.0,"[0.0000e+00 5.5268e-04 5.5268e-04 5.5268e-04 9.2399e-01 9.2399e-01
 9.2399e-01]"
8,0.16,[0.9333],[10.5402],[7.9334 0.2993 0.1882 0.1759 0.3991 0.319  0.1347],[0.001  0.001  0.001  0.9243 0.9243 0.9243],-2.100755225728167,-23.82742170929472,False,[0.7667],[8.0648e-07 8.0648e-07 8.0648e-07 1.3480e-03 1.3480e-03 1.3480e-03],[5.5268e-04 5.5268e-04 5.5268e-04 9.2440e-01 9.2440e-01 9.2440e-01],[0.9994 0.9994 0.9994 0.0743 0.0743 0.0743],0.000674385973277211,1.0,1.0,"[0.0000e+00 5.5268e-04 5.5268e-04 5.5268e-04 9.2440e-01 9.2440e-01
 9.2440e-01]"
9,0.18,[1.1554],[11.5426],[9.8209 0.304  0.1929 0.1806 0.3901 0.31   0.131 ],[0.001  0.001  0.001  0.9241 0.9241 0.9241],-1.8784275718730847,-25.705849281167804,False,[0.5446],[9.0729e-07 9.0729e-07 9.0729e-07 1.5162e-03 1.5162e-03 1.5162e-03],[5.5268e-04 5.5268e-04 5.5268e-04 9.2399e-01 9.2399e-01 9.2399e-01],[0.9994 0.9994 0.9994 0.0745 0.0745 0.0745],0.000758551586972741,1.0,1.0,"[0.0000e+00 5.5268e-04 5.5268e-04 5.5268e-04 9.2399e-01 9.2399e-01
 9.2399e-01]"
10,0.2,[1.3947],[12.2408],[11.8548  0.3088  0.1977  0.1854  0.3794  0.2992  0.1262],[0.0054 0.0063 0.001  0.6547 0.9243 0.9243],-1.5236367624811349,-27.22948604364894,False,[0.3053],[1.0081e-06 1.0081e-06 1.0081e-06 1.6843e-03 1.6847e-03 1.6847e-03],[5.3990e-03 6.3535e-03 5.5268e-04 4.6064e-01 9.2440e-01 9.2440e-01],[0.9946 0.9936 0.9994 0.5377 0.0739 0.0739],0.0008427974707444058,1.0,1.0,"[0.0000e+00 5.3990e-03 6.3535e-03 5.5268e-04 4.6064e-01 9.2440e-01
 9.2440e-01]"
11,0.22,[1.6332],[11.3867],[13.8825  0.3135  0.2024  0.1901  0.3679  0.2877  0.1209],[0.7881 0.4521 0.1007 0.4255 0.486  0.4578],6.925473333579166,-20.304012710069774,True,[0.0668],[1.9929e-06 2.1670e-06 1.1089e-06 1.7678e-03 1.8529e-03 1.8529e-03],[0.9275 0.4938 0.1026 0.1866 0.1236 0.0626],[0.0725 0.5062 0.8974 0.8116 0.8745 0.9356],0.0009131410826291028,1.0,1.0,[0.     0.9275 0.4938 0.1026 0.1866 0.1236 0.0626]
12,0.24,[1.8369],[9.0147],[15.614   0.3176  0.2065  0.1942  0.3578  0.2777  0.1161],[0.8834 0.8657 0.8374 0.2967 0.3119 0.285 ],6.5460828425175155,-13.757929867552258,True,[-0.1369],[1.7117e-04 9.2232e-05 1.9825e-05 1.8014e-03 1.8749e-03 1.8638e-03],[0.9242 0.9999 1.     0.114  0.0814 0.0442],[0.0757 0.     0.     0.8842 0.9167 0.954 ],0.0009705417042142629,1.0,1.0,[0.     0.9242 0.9999 1.     0.114  0.0814 0.0442]
13,0.26,[1.9856],[6.13],[16.8776  0.3205  0.2094  0.1971  0.3506  0.2705  0.1126],[0.9111 0.9056 0.8597 0.2163 0.2178 0.1949],-1.608880975277533,-15.366810842829791,False,[-0.2856],[0.0003 0.0003 0.0002 0.0018 0.0019 0.0019],[0.924  0.924  0.8694 0.0759 0.0562 0.0318],[0.0757 0.0758 0.1304 0.9223 0.9419 0.9663],0.0010664422517986214,1.0,1.0,[0.     0.924  0.924  0.8694 0.0759 0.0562 0.0318]
14,0.28,[2.0764],[3.2403],[17.649   0.3223  0.2112  0.1989  0.3464  0.2662  0.1104],[0.9201 0.9184 0.9546 0.1624 0.1592 0.1403],-1.7387177334824544,-17.105528576312246,False,[-0.3764],[0.0005 0.0004 0.0004 0.0018 0.0019 0.0019],[0.9244 0.9245 0.9996 0.0528 0.04   0.0232],[0.0751 0.0751 0.     0.9454 0.9581 0.9749],0.0011537704699359508,1.0,1.0,[0.     0.9244 0.9245 0.9996 0.0528 0.04   0.0232]
15,0.3,[2.1104],[0.4685],[17.9382  0.323   0.2119  0.1996  0.3448  0.2647  0.1096],[0.9227 0.9222 0.9352 0.1243 0.1197 0.1041],-1.7584618570542516,-18.863990433366496,False,[-0.4104],[0.0007 0.0006 0.0005 0.0018 0.0019 0.0019],[0.924  0.924  0.924  0.0376 0.0289 0.0172],[0.0753 0.0754 0.0755 0.9605 0.9692 0.9809],0.0012435665688425824,1.0,1.0,[0.     0.924  0.924  0.924  0.0376 0.0289 0.0172]
16,0.32,[2.0911],[-2.1063],[17.7742  0.3226  0.2115  0.1992  0.3457  0.2655  0.1101],[0.9239 0.9019 0.8971 0.0964 0.0916 0.0788],-1.7075024983949698,-20.571492931761465,False,[-0.3911],[0.0008 0.0008 0.0007 0.0019 0.0019 0.0019],[0.9244 0.8897 0.8743 0.0273 0.0212 0.0128],[0.0748 0.1096 0.125  0.9708 0.9769 0.9853],0.0013300606339056301,1.0,1.0,[0.     0.9244 0.8897 0.8743 0.0273 0.0212 0.0128]
17,0.34,[2.0234],[-4.371],[17.1988  0.3213  0.2102  0.1979  0.3488  0.2687  0.1117],[0.9157 0.7409 0.6903 0.0757 0.0711 0.0605],-1.4654879794301898,-22.036980911191655,False,[-0.3234],[0.001  0.0009 0.0009 0.0019 0.0019 0.0019],[0.9109 0.6308 0.543  0.0206 0.0157 0.0097],[0.0881 0.3683 0.4562 0.9776 0.9824 0.9884],0.0014132750430732265,1.0,1.0,[0.     0.9109 0.6308 0.543  0.0206 0.0157 0.0097]
18,0.36,[1.9158],[-6.0997],[16.2846  0.3192  0.2081  0.1957  0.354   0.2738  0.1142],[0.537  0.4784 0.4738 0.0732 0.0556 0.0506],3.0611523692788136,-18.97582854191284,False,[-0.2158],[0.0012 0.0011 0.001  0.0019 0.0019 0.0019],[0.2356 0.2325 0.263  0.0665 0.0117 0.022 ],[0.7632 0.7664 0.736  0.9317 0.9863 0.9762],0.0014778216878344119,1.0,1.0,[0.     0.2356 0.2325 0.263  0.0665 0.0117 0.022 ]
19,0.38,[1.787],[-6.4626],[15.1898  0.3166  0.2055  0.1932  0.3603  0.2802  0.1173],[0.3561 0.3295 0.3327 0.7762 0.0443 0.3565],7.047871591250163,-11.927956950662676,True,[-0.087],[0.0012 0.0011 0.001  0.0019 0.0019 0.0019],[0.1361 0.1345 0.1476 0.9137 0.0109 0.3803],[0.8626 0.8644 0.8514 0.0844 0.9872 0.6178],0.0015028505170594224,1.0,1.0,[0.     0.1361 0.1345 0.1476 0.9137 0.0109 0.3803]
20,0.4,[1.6669],[-5.4612],[14.1686  0.3142  0.2031  0.1908  0.3662  0.2861  0.1202],[0.2525 0.2382 0.2449 0.8499 0.0541 0.8523],6.902307439728858,-5.0256495109338175,True,[0.0331],[0.0012 0.0011 0.001  0.002  0.0019 0.002 ],[0.0886 0.0875 0.1017 0.8802 0.0542 0.998 ],[0.9102 0.9114 0.8973 0.1178 0.9439 0.    ],0.0015549873231431248,1.0,1.0,[0.     0.0886 0.0875 0.1017 0.8802 0.0542 0.998 ]
21,0.42,[1.5769],[-3.6295],[13.4036  0.3124  0.2013  0.189   0.3706  0.2905  0.1222],[0.1863 0.1777 0.1851 0.9505 0.2729 0.9017],6.730816265950242,1.7051667550164247,True,[0.1231],[0.0013 0.0011 0.0011 0.0022 0.0019 0.0021],[0.0607 0.06   0.0706 0.9978 0.2856 0.9241],[0.938  0.9388 0.9283 0.     0.7124 0.0738],0.0016219211796863284,1.0,1.0,[0.     0.0607 0.06   0.0706 0.9978 0.2856 0.9241]
22,0.44,[1.5283],[-1.4182],[12.9905  0.3114  0.2003  0.188   0.373   0.2929  0.1233],[0.1409 0.1354 0.1423 0.9337 0.6621 0.9169],6.589588938899716,8.29475569391614,True,[0.1717],[0.0013 0.0011 0.0011 0.0024 0.002  0.0023],[0.0429 0.0425 0.0499 0.9241 0.7443 0.9242],[0.9558 0.9564 0.949  0.0735 0.2537 0.0735],0.0016945784196822605,1.0,1.0,[0.     0.0429 0.0425 0.0499 0.9241 0.7443 0.9242]
23,0.46,[1.5234],[0.6678],[12.9491  0.3113  0.2002  0.1879  0.3732  0.2931  0.1234],[0.1085 0.1048 0.1108 0.8978 0.6733 0.9217],2.603245392336388,10.89800108625253,False,[0.1766],[0.0013 0.0012 0.0011 0.0025 0.0021 0.0025],[0.0312 0.031  0.0358 0.8763 0.6769 0.924 ],[0.9676 0.9679 0.9631 0.1212 0.321  0.0735],0.0017770288274785023,1.0,1.0,[0.     0.0312 0.031  0.0358 0.8763 0.6769 0.924 ]
24,0.48,[1.5552],[2.2432],[13.219   0.312   0.2009  0.1886  0.3717  0.2916  0.1227],[0.0851 0.0823 0.0872 0.6909 0.5906 0.9206],6.770149526000776,17.668150612253307,True,[0.1448],[0.0013 0.0012 0.0011 0.0027 0.0022 0.0026],[0.0248 0.0239 0.0268 0.5437 0.5165 0.9199],[0.974  0.9749 0.9721 0.4536 0.4812 0.0774],0.0018548092212657796,1.0,1.0,[0.     0.0248 0.0239 0.0268 0.5437 0.5165 0.9199]
25,0.5,[1.611],[3.1222],[13.6932  0.3131  0.202   0.1897  0.369   0.2888  0.1215],[0.0731 0.0663 0.0698 0.4948 0.4546 0.7028],7.094436910469394,24.7625875227227,True,[0.089],[0.0013 0.0012 0.0011 0.0028 0.0023 0.0028],[0.0408 0.0223 0.0228 0.3073 0.3097 0.5512],[0.9579 0.9766 0.9761 0.6899 0.688  0.4459],0.0019168360616445385,1.0,1.0,[0.     0.0408 0.0223 0.0228 0.3073 0.3097 0.5512]
26,0.52,[1.6767],[3.3253],[14.2516  0.3144  0.2033  0.191   0.3657  0.2856  0.1199],[0.1375 0.0548 0.0657 0.3557 0.3388 0.4763],7.390697823888011,32.153285346610716,True,[0.0233],[0.0013 0.0012 0.0011 0.0029 0.0024 0.0029],[0.1395 0.0218 0.0542 0.1805 0.1852 0.2582],[0.8592 0.977  0.9447 0.8167 0.8124 0.7389],0.0019545318056372256,1.0,1.0,[0.     0.1395 0.0218 0.0542 0.1805 0.1852 0.2582]
27,0.54,[1.7393],[2.8844],[14.7842  0.3156  0.2045  0.1922  0.3626  0.2825  0.1185],[0.3624 0.0464 0.2233 0.262  0.2538 0.3362],7.41458701481951,39.567872361430226,True,[-0.0393],[0.0013 0.0012 0.0011 0.0029 0.0024 0.003 ],[0.3835 0.0216 0.231  0.1151 0.117  0.1535],[0.6152 0.9773 0.7679 0.882  0.8805 0.8435],0.0019796100245289975,1.0,1.0,[0.     0.3835 0.0216 0.231  0.1151 0.117  0.1535]
28,0.56,[1.788],[2.0109],[15.1976  0.3166  0.2055  0.1932  0.3602  0.2801  0.1173],[0.5215 0.0426 0.2907 0.1983 0.1927 0.2478],7.325107318271239,46.89297967970146,True,[-0.088],[0.0014 0.0012 0.0012 0.0029 0.0024 0.003 ],[0.5512 0.0314 0.2966 0.0804 0.0781 0.1043],[0.4474 0.9674 0.7023 0.9167 0.9195 0.8927],0.002010278199978061,1.0,1.0,[0.     0.5512 0.0314 0.2966 0.0804 0.0781 0.1043]
29,0.58,[1.8166],[0.9464],[15.4413  0.3172  0.2061  0.1938  0.3588  0.2787  0.1166],[0.5096 0.0398 0.3315 0.1537 0.1484 0.1889],7.322787339539347,54.21576701924081,True,[-0.1166],[0.0015 0.0012 0.0012 0.0029 0.0025 0.003 ],[0.4969 0.0313 0.3361 0.0603 0.0542 0.077 ],[0.5016 0.9675 0.6627 0.9367 0.9434 0.92  ],0.002044480262638166,1.0,1.0,[0.     0.4969 0.0313 0.3361 0.0603 0.0542 0.077 ]
30,0.6,[1.8235],[-0.1443],[15.4998  0.3173  0.2062  0.1939  0.3585  0.2784  0.1165],[0.4588 0.0369 0.3121 0.1227 0.1155 0.1482],7.376745571785561,61.59251259102637,True,[-0.1235],[0.0016 0.0012 0.0013 0.0029 0.0025 0.003 ],[0.4012 0.0281 0.2825 0.0512 0.0386 0.0614],[0.5972 0.9707 0.7163 0.9459 0.9589 0.9356],0.002075998387123777,1.0,1.0,[0.     0.4012 0.0281 0.2825 0.0512 0.0386 0.0614]
31,0.62,[1.8092],[-1.1689],[15.378   0.317   0.2059  0.1936  0.3592  0.2791  0.1168],[0.3721 0.0334 0.2735 0.1091 0.0908 0.1208],7.474903782890368,69.06741637391674,True,[-0.1092],[0.0017 0.0012 0.0013 0.0029 0.0025 0.003 ],[0.2611 0.0227 0.2111 0.0759 0.0282 0.057 ],[0.7372 0.9761 0.7876 0.9212 0.9693 0.9399],0.0021017833085077106,1.0,1.0,[0.     0.2611 0.0227 0.2111 0.0759 0.0282 0.057 ]
32,0.64,[1.7768],[-1.9345],[15.1028  0.3164  0.2053  0.193   0.3608  0.2807  0.1176],[0.2872 0.0295 0.2266 0.2585 0.072  0.1306],7.52901062329013,76.59642699720688,True,[-0.0768],[0.0017 0.0012 0.0014 0.003  0.0025 0.003 ],[0.1596 0.0173 0.1434 0.2678 0.0216 0.1309],[0.8387 0.9815 0.8552 0.7292 0.9759 0.8661],0.0021214094468707005,1.0,1.0,[0.     0.1596 0.0173 0.1434 0.2678 0.0216 0.1309]
33,0.66,[1.7353],[-2.0773],[14.7498  0.3156  0.2045  0.1921  0.3628  0.2827  0.1186],[0.2209 0.0255 0.1849 0.5121 0.0581 0.4043],7.368032355047002,83.96445935225388,True,[-0.0353],[0.0017 0.0012 0.0014 0.003  0.0025 0.0031],[0.1044 0.0129 0.1033 0.5529 0.0188 0.4328],[0.8939 0.9859 0.8953 0.4441 0.9787 0.5642],0.0021436041617054397,1.0,1.0,[0.     0.1044 0.0129 0.1033 0.5529 0.0188 0.4328]
34,0.68,[1.6973],[-1.6905],[14.4272  0.3148  0.2037  0.1914  0.3647  0.2846  0.1194],[0.1718 0.0218 0.1554 0.5063 0.0481 0.7044],7.247797037538084,91.21225638979196,True,[0.0027],[0.0018 0.0012 0.0014 0.0031 0.0025 0.0031],[0.0737 0.0098 0.0926 0.5    0.0191 0.7817],[0.9246 0.989  0.906  0.4969 0.9784 0.2152],0.002180500789846987,1.0,1.0,[0.     0.0737 0.0098 0.0926 0.5    0.0191 0.7817]
35,0.7000000000000001,[1.672],[-0.8455],[14.2118  0.3143  0.2032  0.1909  0.366   0.2858  0.12  ],[0.1351 0.0185 0.1324 0.8355 0.0446 0.7008],7.048807970512504,98.26106436030446,True,[0.028],[0.0018 0.0012 0.0014 0.0032 0.0025 0.0033],[0.0536 0.0077 0.0803 0.9438 0.0341 0.6979],[0.9446 0.9911 0.9183 0.053  0.9634 0.2988],0.002225040795675059,1.0,1.0,[0.     0.0536 0.0077 0.0803 0.9438 0.0341 0.6979]
36,0.72,[1.6635],[-0.1714],[14.14    0.3141  0.203   0.1907  0.3664  0.2862  0.1202],[0.1091 0.0156 0.3436 0.542  0.0415 0.6909],7.171600482380709,105.43266484268517,True,[0.0365],[0.0018 0.0012 0.0014 0.0034 0.0025 0.0034],[0.0467 0.0062 0.3621 0.2975 0.0322 0.6829],[0.9515 0.9926 0.6365 0.6992 0.9653 0.3137],0.002279731742575093,1.0,1.0,[0.     0.0467 0.0062 0.3621 0.2975 0.0322 0.6829]
37,0.74,[1.6673],[0.561],[14.1718  0.3142  0.2031  0.1908  0.3662  0.2861  0.1201],[0.0889 0.0132 0.2817 0.8778 0.0527 0.7687],6.963245532843116,112.39591037552829,True,[0.0327],[0.0018 0.0012 0.0015 0.0034 0.0025 0.0035],[0.0371 0.0054 0.1854 0.9966 0.0528 0.7965],[0.9611 0.9934 0.8131 0.     0.9447 0.2   ],0.002322923025360742,1.0,1.0,[0.     0.0371 0.0054 0.1854 0.9966 0.0528 0.7965]
38,0.76,[1.6845],[0.9706],[14.3186  0.3145  0.2035  0.1911  0.3653  0.2852  0.1197],[0.1412 0.0117 0.4643 0.4824 0.0502 0.6337],7.2061773251897865,119.60208770071807,True,[0.0155],[0.0018 0.0012 0.0015 0.0036 0.0025 0.0037],[0.1429 0.0067 0.4918 0.1449 0.0431 0.5245],[0.8553 0.9921 0.5066 0.8515 0.9544 0.4718],0.002385520322075851,1.0,1.0,[0.     0.1429 0.0067 0.4918 0.1449 0.0431 0.5245]
39,0.78,[1.7049],[1.076],[14.4914  0.315   0.2039  0.1915  0.3643  0.2842  0.1193],[0.1325 0.011  0.3526 0.627  0.0469 0.5461],7.233439877076894,126.83552757779496,True,[-0.0049],[0.0018 0.0012 0.0016 0.0036 0.0025 0.0038],[0.1122 0.0087 0.2078 0.6633 0.0369 0.4623],[0.886  0.9901 0.7906 0.3331 0.9606 0.5339],0.002426234007071489,1.0,1.0,[0.     0.1122 0.0087 0.2078 0.6633 0.0369 0.4623]
40,0.8,[1.7265],[1.0257],[14.675   0.3154  0.2043  0.192   0.3633  0.2831  0.1188],[0.1857 0.0104 0.3137 0.4448 0.0425 0.4392],7.369373594220674,134.20490117201564,True,[-0.0265],[0.0018 0.0012 0.0017 0.0038 0.0025 0.0039],[0.1882 0.0083 0.2556 0.2543 0.0293 0.3197],[0.81   0.9905 0.7428 0.7419 0.9681 0.6764],0.002471040466899504,1.0,1.0,[0.     0.1882 0.0083 0.2556 0.2543 0.0293 0.3197]
41,0.8200000000000001,[1.7438],[0.7086],[14.8224  0.3157  0.2046  0.1923  0.3624  0.2823  0.1183],[0.179  0.0098 0.2785 0.3382 0.0377 0.351 ],7.4640635378793325,141.66896470989496,True,[-0.0438],[0.0019 0.0012 0.0017 0.0038 0.0025 0.0039],[0.1652 0.0078 0.2219 0.1956 0.0232 0.2339],[0.8329 0.991  0.7764 0.8006 0.9743 0.7622],0.002502429301430491,1.0,1.0,[0.     0.1652 0.0078 0.2219 0.1956 0.0232 0.2339]
42,0.84,[1.7531],[0.2544],[14.9017  0.3159  0.2048  0.1925  0.362   0.2818  0.1181],[0.1661 0.0091 0.2452 0.2723 0.0331 0.2838],7.535539192943302,149.20450390283827,True,[-0.0531],[0.0019 0.0012 0.0017 0.0038 0.0025 0.004 ],[0.1389 0.007  0.1878 0.1683 0.0187 0.1803],[0.8592 0.9918 0.8104 0.8279 0.9787 0.8158],0.002527492999617428,1.0,1.0,[0.     0.1389 0.007  0.1878 0.1683 0.0187 0.1803]
43,0.86,[1.7526],[-0.26],[14.8973  0.3159  0.2048  0.1925  0.362   0.2819  0.1181],[0.1486 0.0084 0.2131 0.2335 0.0289 0.236 ],7.595164817777824,156.7996687206161,True,[-0.0526],[0.0019 0.0012 0.0018 0.0039 0.0025 0.004 ],[0.11   0.0059 0.1536 0.1652 0.0159 0.1531],[0.8881 0.9929 0.8446 0.8309 0.9816 0.8429],0.002548089210324249,1.0,1.0,[0.     0.11   0.0059 0.1536 0.1652 0.0159 0.1531]
44,0.88,[1.7421],[-0.7257],[14.808   0.3157  0.2046  0.1923  0.3625  0.2824  0.1184],[0.1286 0.0076 0.1819 0.2833 0.0255 0.207 ],7.610816908533961,164.41048562915006,True,[-0.0421],[0.0019 0.0012 0.0018 0.0039 0.0025 0.004 ],[0.0825 0.0048 0.1197 0.2877 0.0149 0.1523],[0.9156 0.994  0.8785 0.7084 0.9826 0.8437],0.002565904618113801,1.0,1.0,[0.     0.0825 0.0048 0.1197 0.2877 0.0149 0.1523]
45,0.9,[1.7243],[-0.9882],[14.6564  0.3153  0.2042  0.1919  0.3634  0.2833  0.1188],[0.1089 0.0067 0.1544 0.3613 0.0239 0.2912],7.557645710453153,171.96813133960322,True,[-0.0243],[0.002  0.0012 0.0018 0.0039 0.0025 0.004 ],[0.0612 0.0038 0.0955 0.3707 0.0187 0.2984],[0.9369 0.995  0.9026 0.6254 0.9787 0.6976],0.0025857868117490773,1.0,1.0,[0.     0.0612 0.0038 0.0955 0.3707 0.0187 0.2984]
46,0.92,[1.7045],[-0.9412],[14.488   0.3149  0.2038  0.1915  0.3644  0.2842  0.1193],[0.0912 0.0059 0.1319 0.4559 0.0271 0.4363],7.452497764684102,179.42062910428731,True,[-0.0045],[0.002  0.0012 0.0018 0.004  0.0025 0.0041],[0.046  0.003  0.0807 0.4715 0.0272 0.4572],[0.952  0.9958 0.9174 0.5245 0.9703 0.5387],0.0026113363205641986,1.0,1.0,[0.     0.046  0.003  0.0807 0.4715 0.0272 0.4572]
47,0.9400000000000001,[1.688],[-0.7174],[14.3478  0.3146  0.2035  0.1912  0.3652  0.285   0.1197],[0.0761 0.0051 0.1157 0.4536 0.0329 0.4813],7.42422851471919,186.84485761900652,True,[0.012],[0.002  0.0012 0.0019 0.0041 0.0025 0.0042],[0.036  0.0024 0.077  0.4508 0.033  0.4899],[0.9621 0.9964 0.9211 0.5451 0.9645 0.506 ],0.002643910214157252,1.0,1.0,[0.     0.036  0.0024 0.077  0.4508 0.033  0.4899]
48,0.96,[1.6775],[-0.3341],[14.2587  0.3144  0.2033  0.191   0.3657  0.2856  0.1199],[0.0635 0.0044 0.1028 0.5426 0.0431 0.5526],7.323342676667644,194.16820029567415,True,[0.0225],[0.002  0.0012 0.0019 0.0042 0.0026 0.0043],[0.0284 0.002  0.0707 0.5617 0.0432 0.5686],[0.9697 0.9968 0.9275 0.4341 0.9543 0.4271],0.0026767768250534527,1.0,1.0,[0.     0.0284 0.002  0.0707 0.5617 0.0432 0.5686]
49,0.98,[1.6754],[0.063],[14.2409  0.3144  0.2033  0.191   0.3658  0.2857  0.12  ],[0.0535 0.0038 0.1124 0.4879 0.0428 0.534 ],7.362741053872393,201.53094134954654,True,[0.0246],[0.002  0.0012 0.0019 0.0043 0.0026 0.0044],[0.0247 0.0018 0.1127 0.4291 0.0418 0.5148],[0.9733 0.997  0.8855 0.5666 0.9556 0.4808],0.002714858357750057,1.0,1.0,[0.     0.0247 0.0018 0.1127 0.4291 0.0418 0.5148]
50,1.0,[1.6798],[0.3329],[14.2786  0.3145  0.2034  0.191   0.3656  0.2854  0.1199],[0.0456 0.0033 0.1102 0.4415 0.0423 0.4965],7.41622378572023,208.94716513526677,True,[0.0202],[0.002  0.0012 0.0019 0.0044 0.0026 0.0045],[0.0224 0.0017 0.1047 0.387  0.0408 0.4562],[0.9756 0.9971 0.8934 0.6086 0.9567 0.5393],0.0027482922760244007,1.0,1.0,[0.     0.0224 0.0017 0.1047 0.387  0.0408 0.4562]
51,1.02,[1.6883],[0.4748],[14.3503  0.3146  0.2035  0.1912  0.3652  0.285   0.1197],[0.0396 0.003  0.1072 0.3976 0.0414 0.4441],7.481364478886898,216.42852961415366,True,[0.0117],[0.002  0.0012 0.0019 0.0044 0.0026 0.0045],[0.0215 0.0017 0.0999 0.3418 0.0389 0.3832],[0.9766 0.9971 0.8982 0.6537 0.9585 0.6123],0.0027783078312822915,1.0,1.0,[0.     0.0215 0.0017 0.0999 0.3418 0.0389 0.3832]
52,1.04,[1.6981],[0.4902],[14.4343  0.3148  0.2037  0.1914  0.3647  0.2845  0.1194],[0.0353 0.0027 0.1045 0.3547 0.0402 0.3867],7.550059091926046,223.9785887060797,True,[0.0019],[0.002  0.0012 0.0019 0.0045 0.0026 0.0046],[0.022  0.0016 0.0976 0.2959 0.0364 0.3133],[0.976  0.9972 0.9005 0.6997 0.9611 0.6821],0.002804577852948782,1.0,1.0,[0.     0.022  0.0016 0.0976 0.2959 0.0364 0.3133]
53,1.06,[1.7071],[0.3923],[14.5099  0.315   0.2039  0.1916  0.3642  0.2841  0.1192],[0.0324 0.0024 0.1019 0.3163 0.0386 0.3334],7.598463990229104,231.5770526963088,True,[-0.0071],[0.002  0.0012 0.002  0.0045 0.0026 0.0047],[0.0236 0.0016 0.0955 0.2591 0.0337 0.2578],[0.9744 0.9972 0.9026 0.7363 0.9637 0.7375],0.00282718964411015,1.0,1.0,[0.     0.0236 0.0016 0.0955 0.2591 0.0337 0.2578]
54,1.08,[1.713],[0.2048],[14.5602  0.3151  0.204   0.1917  0.3639  0.2838  0.1191],[0.0302 0.0022 0.0989 0.2857 0.0369 0.289 ],7.636226784564918,239.21327948087372,True,[-0.013],[0.002  0.0012 0.002  0.0046 0.0026 0.0047],[0.0232 0.0015 0.0913 0.2371 0.0316 0.2199],[0.9748 0.9973 0.9067 0.7583 0.9659 0.7754],0.0028468005769847564,1.0,1.0,[0.     0.0232 0.0015 0.0913 0.2371 0.0316 0.2199]
55,1.1,[1.7144],[-0.0412],[14.5726  0.3151  0.204   0.1917  0.3639  0.2837  0.119 ],[0.0282 0.002  0.0948 0.266  0.0353 0.2558],7.665822758679092,246.87910223955282,True,[-0.0144],[0.002  0.0012 0.002  0.0046 0.0026 0.0048],[0.0219 0.0014 0.084  0.2331 0.0303 0.1997],[0.9761 0.9974 0.914  0.7623 0.9671 0.7956],0.0028643751350886705,1.0,1.0,[0.     0.0219 0.0014 0.084  0.2331 0.0303 0.1997]
56,1.12,[1.7109],[-0.2741],[14.5431  0.3151  0.204   0.1917  0.364   0.2839  0.1191],[0.0261 0.0018 0.089  0.3044 0.0343 0.2354],7.657937062683204,254.53703930223602,True,[-0.0109],[0.002  0.0012 0.002  0.0047 0.0026 0.0048],[0.0196 0.0012 0.0739 0.3082 0.0315 0.199 ],[0.9784 0.9976 0.9241 0.6871 0.9659 0.7962],0.0028812445752352724,1.0,1.0,[0.     0.0196 0.0012 0.0739 0.3082 0.0315 0.199 ]
57,1.1400000000000001,[1.7035],[-0.4402],[14.4798  0.3149  0.2038  0.1915  0.3644  0.2843  0.1193],[0.024  0.0017 0.0828 0.3065 0.0368 0.2833],7.639987274229965,262.177026576466,True,[-0.0035],[0.002  0.0012 0.002  0.0047 0.0026 0.0048],[0.0172 0.001  0.0665 0.3068 0.0368 0.2875],[0.9808 0.9977 0.9315 0.6885 0.9606 0.7077],0.0029000349113101937,1.0,1.0,[0.     0.0172 0.001  0.0665 0.3068 0.0368 0.2875]
58,1.16,[1.6947],[-0.4032],[14.4046  0.3148  0.2037  0.1913  0.3648  0.2847  0.1195],[0.0218 0.0015 0.0762 0.4491 0.0453 0.3364],7.5208958902867735,269.6979224667528,True,[0.0053],[0.002  0.0012 0.002  0.0048 0.0026 0.0049],[0.0147 0.0009 0.0583 0.4707 0.0454 0.3424],[0.9833 0.9979 0.9396 0.5246 0.952  0.6528],0.0029215441095190972,1.0,1.0,[0.     0.0147 0.0009 0.0583 0.4707 0.0454 0.3424]
59,1.18,[1.6881],[-0.2702],[14.3487  0.3146  0.2035  0.1912  0.3652  0.285   0.1197],[0.0199 0.0014 0.0822 0.4099 0.045  0.3745],7.5185717857002725,277.21649425245306,True,[0.0119],[0.002  0.0012 0.002  0.0049 0.0026 0.0049],[0.014  0.0008 0.0823 0.361  0.0443 0.3796],[0.984  0.9979 0.9157 0.6341 0.9531 0.6155],0.0029493858102297133,1.0,1.0,[0.     0.014  0.0008 0.0823 0.361  0.0443 0.3796]
60,1.2,[1.6839],[-0.1638],[14.3131  0.3145  0.2034  0.1911  0.3654  0.2852  0.1198],[0.0183 0.0013 0.0802 0.3883 0.0472 0.3775],7.5257138534018395,284.7422081058549,True,[0.0161],[0.002  0.0012 0.0021 0.0049 0.0026 0.005 ],[0.0129 0.0008 0.0748 0.3599 0.0472 0.378 ],[0.9851 0.998  0.9232 0.6352 0.9501 0.617 ],0.002975488741013759,1.0,1.0,[0.     0.0129 0.0008 0.0748 0.3599 0.0472 0.378 ]
61,1.22,[1.6819],[-0.0448],[14.2958  0.3145  0.2034  0.1911  0.3655  0.2853  0.1198],[0.0168 0.0012 0.0766 0.4127 0.0509 0.3854],7.504882188859539,292.24709029471444,True,[0.0181],[0.002  0.0012 0.0021 0.005  0.0026 0.0051],[0.0119 0.0008 0.067  0.4165 0.051  0.3866],[0.9861 0.998  0.9309 0.5785 0.9464 0.6083],0.00300179333621422,1.0,1.0,[0.     0.0119 0.0008 0.067  0.4165 0.051  0.3866]
62,1.24,[1.6823],[0.0723],[14.2996  0.3145  0.2034  0.1911  0.3655  0.2853  0.1198],[0.0156 0.0012 0.0735 0.396  0.0507 0.3816],7.517792125898516,299.76488242061293,True,[0.0177],[0.002  0.0012 0.0021 0.0051 0.0026 0.0051],[0.0116 0.0008 0.0649 0.3743 0.0501 0.3765],[0.9864 0.998  0.933  0.6206 0.9472 0.6183],0.0030293326194864097,1.0,1.0,[0.     0.0116 0.0008 0.0649 0.3743 0.0501 0.3765]
63,1.26,[1.6847],[0.1495],[14.3198  0.3146  0.2035  0.1911  0.3653  0.2852  0.1197],[0.0146 0.0011 0.0709 0.3757 0.0503 0.371 ],7.538563128781775,307.3034455493947,True,[0.0153],[0.002  0.0012 0.0021 0.0051 0.0027 0.0052],[0.0115 0.0008 0.0637 0.3483 0.049  0.3564],[0.9865 0.998  0.9342 0.6465 0.9484 0.6384],0.0030552323581648794,1.0,1.0,[0.     0.0115 0.0008 0.0637 0.3483 0.049  0.3564]
64,1.28,[1.6881],[0.1792],[14.3487  0.3146  0.2035  0.1912  0.3652  0.285   0.1197],[0.014  0.0011 0.0688 0.3558 0.0496 0.3542],7.563638489314955,314.86708403870966,True,[0.0119],[0.002  0.0012 0.0021 0.0052 0.0027 0.0053],[0.0119 0.0008 0.0631 0.3279 0.0475 0.3304],[0.986  0.998  0.9348 0.6669 0.9498 0.6643],0.003079744730974563,1.0,1.0,[0.     0.0119 0.0008 0.0631 0.3279 0.0475 0.3304]
65,1.3,[1.6915],[0.1607],[14.3781  0.3147  0.2036  0.1913  0.365   0.2849  0.1196],[0.0136 0.0011 0.0672 0.3376 0.0486 0.3341],7.589570383413989,322.4566544221237,True,[0.0085],[0.002  0.0012 0.0021 0.0053 0.0027 0.0053],[0.0123 0.0008 0.0625 0.3112 0.0459 0.3048],[0.9856 0.998  0.9354 0.6835 0.9515 0.6899],0.0031027878826876292,1.0,1.0,[0.     0.0123 0.0008 0.0625 0.3112 0.0459 0.3048]
66,1.32,[1.6941],[0.0995],[14.4002  0.3147  0.2036  0.1913  0.3649  0.2847  0.1195],[0.0133 0.0011 0.0656 0.3228 0.0476 0.3143],7.612522588590501,330.06917701071416,True,[0.0059],[0.002  0.0012 0.0021 0.0053 0.0027 0.0054],[0.0123 0.0008 0.0614 0.3005 0.0444 0.2842],[0.9857 0.998  0.9365 0.6942 0.9529 0.7104],0.003124332098243627,1.0,1.0,[0.     0.0123 0.0008 0.0614 0.3005 0.0444 0.2842]
67,1.34,[1.6952],[0.007],[14.4089  0.3148  0.2037  0.1913  0.3648  0.2847  0.1195],[0.013  0.0011 0.064  0.3131 0.0465 0.2979],7.628866722122697,337.6980437328369,True,[0.0048],[0.002  0.0012 0.0021 0.0054 0.0027 0.0054],[0.012  0.0008 0.0594 0.2982 0.0435 0.2721],[0.9859 0.998  0.9385 0.6964 0.9538 0.7225],0.003144840258014247,1.0,1.0,[0.     0.012  0.0008 0.0594 0.2982 0.0435 0.2721]
68,1.36,[1.6943],[-0.0846],[14.4012  0.3147  0.2036  0.1913  0.3649  0.2847  0.1195],[0.0127 0.001  0.062  0.3295 0.0458 0.2875],7.624069134614924,345.3221128674518,True,[0.0057],[0.002  0.0012 0.0021 0.0054 0.0027 0.0055],[0.0115 0.0007 0.0564 0.3314 0.0434 0.2707],[0.9865 0.998  0.9415 0.6632 0.9539 0.7239],0.003165057191862041,1.0,1.0,[0.     0.0115 0.0007 0.0564 0.3314 0.0434 0.2707]
69,1.3800000000000001,[1.6918],[-0.1514],[14.3801  0.3147  0.2036  0.1913  0.365   0.2849  0.1196],[0.0122 0.001  0.06   0.3286 0.0457 0.3087],7.61072902460787,352.9328418920596,True,[0.0082],[0.002  0.0012 0.0022 0.0055 0.0027 0.0055],[0.0109 0.0007 0.0543 0.3272 0.0453 0.3109],[0.9871 0.9981 0.9436 0.6673 0.952  0.6836],0.0031862537703864543,1.0,1.0,[0.     0.0109 0.0007 0.0543 0.3272 0.0453 0.3109]
70,1.4000000000000001,[1.6886],[-0.15],[14.3532  0.3146  0.2035  0.1912  0.3651  0.285   0.1196],[0.0118 0.001  0.0578 0.3799 0.0487 0.3198],7.56984932174387,360.5026912138035,True,[0.0114],[0.002  0.0012 0.0022 0.0055 0.0027 0.0056],[0.0102 0.0007 0.0516 0.3868 0.0488 0.3211],[0.9878 0.9981 0.9462 0.6076 0.9485 0.6733],0.0032087736614149404,1.0,1.0,[0.     0.0102 0.0007 0.0516 0.3868 0.0488 0.3211]
71,1.42,[1.6861],[-0.105],[14.3318  0.3146  0.2035  0.1912  0.3653  0.2851  0.1197],[0.0114 0.001  0.0578 0.3682 0.0487 0.347 ],7.559716299840452,368.0624075136439,True,[0.0139],[0.002  0.0012 0.0022 0.0056 0.0027 0.0057],[0.01   0.0006 0.0577 0.3519 0.0485 0.3503],[0.988  0.9981 0.9401 0.6425 0.9488 0.6441],0.0032331343402927887,1.0,1.0,[0.     0.01   0.0006 0.0577 0.3519 0.0485 0.3503]
72,1.44,[1.6845],[-0.0641],[14.3179  0.3145  0.2034  0.1911  0.3653  0.2852  0.1197],[0.011  0.001  0.0574 0.3601 0.0493 0.346 ],7.563485296346516,375.62589280999043,True,[0.0155],[0.002  0.0012 0.0022 0.0057 0.0027 0.0057],[0.0098 0.0006 0.0563 0.3487 0.0493 0.3445],[0.9882 0.9982 0.9415 0.6456 0.948  0.6498],0.0032572473289887924,1.0,1.0,[0.     0.0098 0.0006 0.0563 0.3487 0.0493 0.3445]
73,1.46,[1.6836],[-0.026],[14.3105  0.3145  0.2034  0.1911  0.3654  0.2853  0.1198],[0.0106 0.001  0.0566 0.3646 0.0508 0.3448],7.560484387421067,383.1863771974115,True,[0.0164],[0.002  0.0012 0.0022 0.0057 0.0027 0.0058],[0.0095 0.0006 0.0544 0.3653 0.0508 0.3432],[0.9885 0.9982 0.9434 0.629  0.9464 0.651 ],0.0032813205462605814,1.0,1.0,[0.     0.0095 0.0006 0.0544 0.3653 0.0508 0.3432]
74,1.48,[1.6835],[0.0096],[14.3095  0.3145  0.2034  0.1911  0.3654  0.2853  0.1198],[0.0103 0.001  0.0558 0.361  0.0508 0.3435],7.563341871929237,390.74971906934076,True,[0.0165],[0.002  0.0012 0.0022 0.0058 0.0027 0.0058],[0.0093 0.0006 0.0534 0.356  0.0507 0.3416],[0.9886 0.9982 0.9444 0.6382 0.9465 0.6525],0.003305438619875501,1.0,1.0,[0.     0.0093 0.0006 0.0534 0.356  0.0507 0.3416]
75,1.5,[1.684],[0.0356],[14.3138  0.3145  0.2034  0.1911  0.3654  0.2852  0.1198],[0.0101 0.001  0.055  0.3562 0.0507 0.3411],7.568207472342232,398.317926541683,True,[0.016],[0.002  0.0012 0.0022 0.0059 0.0028 0.0059],[0.0092 0.0006 0.0528 0.3493 0.0505 0.3375],[0.9887 0.9982 0.945  0.6449 0.9467 0.6566],0.003329181703776352,1.0,1.0,[0.     0.0092 0.0006 0.0528 0.3493 0.0505 0.3375]
76,1.52,[1.6849],[0.0495],[14.3213  0.3146  0.2035  0.1911  0.3653  0.2852  0.1197],[0.0099 0.001  0.0544 0.3508 0.0506 0.337 ],7.574666193476087,405.8925927351591,True,[0.0151],[0.002  0.0012 0.0022 0.0059 0.0028 0.006 ],[0.0092 0.0006 0.0524 0.3432 0.0502 0.331 ],[0.9887 0.9982 0.9454 0.6509 0.9471 0.663 ],0.003352618206367348,1.0,1.0,[0.     0.0092 0.0006 0.0524 0.3432 0.0502 0.331 ]
77,1.54,[1.6859],[0.0499],[14.33    0.3146  0.2035  0.1912  0.3653  0.2851  0.1197],[0.0098 0.001  0.0538 0.3454 0.0504 0.3315],7.582092866901973,413.4746856020611,True,[0.0141],[0.002  0.0012 0.0022 0.006  0.0028 0.006 ],[0.0093 0.0006 0.0522 0.3376 0.0497 0.3234],[0.9886 0.9981 0.9455 0.6564 0.9475 0.6706],0.003375739712592032,1.0,1.0,[0.     0.0093 0.0006 0.0522 0.3376 0.0497 0.3234]
78,1.56,[1.6868],[0.0368],[14.3374  0.3146  0.2035  0.1912  0.3652  0.2851  0.1197],[0.0097 0.001  0.0534 0.3405 0.0501 0.3255],7.5894149020592865,421.06410050412035,True,[0.0132],[0.002  0.0012 0.0022 0.006  0.0028 0.0061],[0.0094 0.0006 0.052  0.3334 0.0492 0.3163],[0.9886 0.9981 0.9458 0.6606 0.948  0.6776],0.003398379798575478,1.0,1.0,[0.     0.0094 0.0006 0.052  0.3334 0.0492 0.3163]
79,1.58,[1.6872],[0.0126],[14.3415  0.3146  0.2035  0.1912  0.3652  0.2851  0.1197],[0.0096 0.001  0.0529 0.3369 0.0498 0.3199],7.595303709083009,428.65940421320335,True,[0.0128],[0.002  0.0012 0.0022 0.0061 0.0028 0.0061],[0.0093 0.0006 0.0516 0.3316 0.0489 0.3113],[0.9886 0.9982 0.9462 0.6623 0.9483 0.6825],0.00342055310520023,1.0,1.0,[0.     0.0093 0.0006 0.0516 0.3316 0.0489 0.3113]
80,1.6,[1.6872],[-0.0166],[14.3409  0.3146  0.2035  0.1912  0.3652  0.2851  0.1197],[0.0095 0.001  0.0524 0.3378 0.0495 0.3158],7.597069043999416,436.25647325720274,True,[0.0128],[0.0021 0.0012 0.0023 0.0062 0.0028 0.0062],[0.0092 0.0006 0.0508 0.3379 0.0488 0.3097],[0.9887 0.9982 0.9469 0.656  0.9484 0.6841],0.003442774848514428,1.0,1.0,[0.     0.0092 0.0006 0.0508 0.3379 0.0488 0.3097]
81,1.62,[1.6866],[-0.0393],[14.3358  0.3146  0.2035  0.1912  0.3652  0.2851  0.1197],[0.0094 0.001  0.0518 0.342  0.0495 0.3186],7.5924431596380435,443.8489164168408,True,[0.0134],[0.0021 0.0012 0.0023 0.0062 0.0028 0.0062],[0.0091 0.0006 0.05   0.3425 0.0494 0.3189],[0.9889 0.9982 0.9477 0.6513 0.9478 0.6748],0.0034655234893323054,1.0,1.0,[0.     0.0091 0.0006 0.05   0.3425 0.0494 0.3189]
82,1.6400000000000001,[1.6857],[-0.0479],[14.3281  0.3146  0.2035  0.1912  0.3653  0.2852  0.1197],[0.0093 0.001  0.0512 0.3468 0.0502 0.3246],7.585221655773191,451.43413807261396,True,[0.0143],[0.0021 0.0012 0.0023 0.0063 0.0028 0.0063],[0.0089 0.0006 0.0494 0.3475 0.0502 0.3253],[0.9891 0.9982 0.9483 0.6462 0.947  0.6684],0.003488682795020986,1.0,1.0,[0.     0.0089 0.0006 0.0494 0.3475 0.0502 0.3253]
83,1.6600000000000001,[1.6847],[-0.0442],[14.3202  0.3146  0.2035  0.1911  0.3653  0.2852  0.1197],[0.0092 0.001  0.0506 0.3482 0.0508 0.3309],7.579893655863638,459.0140317284776,True,[0.0153],[0.0021 0.0012 0.0023 0.0064 0.0028 0.0064],[0.0088 0.0006 0.0491 0.3484 0.0508 0.3317],[0.9892 0.9982 0.9487 0.6452 0.9464 0.662 ],0.003512186558965022,1.0,1.0,[0.     0.0088 0.0006 0.0491 0.3484 0.0508 0.3317]
84,1.68,[1.684],[-0.0287],[14.3139  0.3145  0.2034  0.1911  0.3654  0.2852  0.1198],[0.009  0.001  0.0502 0.3553 0.0514 0.3333],7.573583235044707,466.5876149635223,True,[0.016],[0.0021 0.0012 0.0023 0.0064 0.0028 0.0064],[0.0086 0.0006 0.0487 0.3562 0.0514 0.3336],[0.9893 0.9982 0.949  0.6374 0.9458 0.66  ],0.0035359150129351618,1.0,1.0,[0.     0.0086 0.0006 0.0487 0.3562 0.0514 0.3336]
85,1.7,[1.6836],[-0.0092],[14.3109  0.3145  0.2034  0.1911  0.3654  0.2853  0.1198],[0.0089 0.001  0.0501 0.3535 0.0514 0.3347],7.57354365649093,474.1611586200132,True,[0.0164],[0.0021 0.0012 0.0023 0.0065 0.0028 0.0065],[0.0086 0.0006 0.0498 0.3508 0.0513 0.3349],[0.9893 0.9982 0.9479 0.6427 0.9459 0.6587],0.0035596179372146346,1.0,1.0,[0.     0.0086 0.0006 0.0498 0.3508 0.0513 0.3349]
86,1.72,[1.6836],[0.0069],[14.3109  0.3145  0.2034  0.1911  0.3654  0.2853  0.1198],[0.0089 0.001  0.05   0.3514 0.0513 0.3343],7.57503509238411,481.7361937123973,True,[0.0164],[0.0021 0.0012 0.0023 0.0065 0.0028 0.0065],[0.0086 0.0006 0.0497 0.3484 0.0512 0.3337],[0.9894 0.9982 0.948  0.6451 0.9459 0.6598],0.0035828691991378887,1.0,1.0,[0.     0.0086 0.0006 0.0497 0.3484 0.0512 0.3337]
87,1.74,[1.6839],[0.0183],[14.3132  0.3145  0.2034  0.1911  0.3654  0.2852  0.1198],[0.0088 0.001  0.0499 0.3493 0.0513 0.3332],7.577177753079518,489.31337146547685,True,[0.0161],[0.0021 0.0012 0.0023 0.0066 0.0029 0.0066],[0.0086 0.0006 0.0496 0.3464 0.0511 0.3315],[0.9893 0.9982 0.948  0.647  0.946  0.6619],0.0036060939706183902,1.0,1.0,[0.     0.0086 0.0006 0.0496 0.3464 0.0511 0.3315]
88,1.76,[1.6843],[0.0242],[14.317   0.3145  0.2034  0.1911  0.3654  0.2852  0.1197],[0.0088 0.001  0.0498 0.3472 0.0512 0.3312],7.580009163448907,496.89338062892574,True,[0.0157],[0.0021 0.0012 0.0023 0.0067 0.0029 0.0067],[0.0087 0.0006 0.0496 0.3441 0.051  0.3284],[0.9893 0.9982 0.948  0.6493 0.9462 0.665 ],0.003629288002228712,1.0,1.0,[0.     0.0087 0.0006 0.0496 0.3441 0.051  0.3284]
89,1.78,[1.6848],[0.024],[14.3212  0.3146  0.2035  0.1911  0.3653  0.2852  0.1197],[0.0088 0.001  0.0498 0.3449 0.0511 0.3287],7.583325567484508,504.47670619641025,True,[0.0152],[0.0021 0.0012 0.0023 0.0067 0.0029 0.0067],[0.0088 0.0006 0.0498 0.3416 0.0507 0.3248],[0.9892 0.9982 0.9479 0.6517 0.9464 0.6685],0.0036523078515806385,1.0,1.0,[0.     0.0088 0.0006 0.0498 0.3416 0.0507 0.3248]
90,1.8,[1.6853],[0.0176],[14.3247  0.3146  0.2035  0.1911  0.3653  0.2852  0.1197],[0.0088 0.001  0.0498 0.3428 0.0509 0.3258],7.586635430440647,512.0633416268508,True,[0.0147],[0.0021 0.0012 0.0023 0.0068 0.0029 0.0068],[0.0088 0.0006 0.0497 0.3397 0.0505 0.3216],[0.9892 0.9982 0.9479 0.6535 0.9466 0.6717],0.0036749732314827073,1.0,1.0,[0.     0.0088 0.0006 0.0497 0.3397 0.0505 0.3216]
91,1.82,[1.6855],[0.006],[14.3267  0.3146  0.2035  0.1912  0.3653  0.2852  0.1197],[0.0088 0.001  0.0497 0.3412 0.0508 0.3232],7.58929003853773,519.6526316653885,True,[0.0145],[0.0021 0.0012 0.0023 0.0068 0.0029 0.0068],[0.0088 0.0006 0.0496 0.3389 0.0503 0.3193],[0.9892 0.9982 0.9481 0.6542 0.9468 0.6739],0.0036973700821433635,1.0,1.0,[0.     0.0088 0.0006 0.0496 0.3389 0.0503 0.3193]
92,1.84,[1.6855],[-0.0073],[14.3264  0.3146  0.2035  0.1912  0.3653  0.2852  0.1197],[0.0088 0.001  0.0496 0.3423 0.0506 0.3214],7.589679251981186,527.2423109173698,True,[0.0145],[0.0021 0.0012 0.0024 0.0069 0.0029 0.0069],[0.0087 0.0006 0.0493 0.3424 0.0502 0.3187],[0.9892 0.9982 0.9484 0.6507 0.9469 0.6745],0.0037199778562927144,1.0,1.0,[0.     0.0087 0.0006 0.0493 0.3424 0.0502 0.3187]
93,1.86,[1.6852],[-0.0183],[14.3241  0.3146  0.2035  0.1911  0.3653  0.2852  0.1197],[0.0087 0.001  0.0495 0.3427 0.0506 0.3234],7.588080057040993,534.8303909744108,True,[0.0148],[0.0021 0.0012 0.0024 0.007  0.0029 0.0069],[0.0087 0.0006 0.049  0.3427 0.0504 0.3236],[0.9893 0.9982 0.9487 0.6503 0.9467 0.6695],0.003743111944830605,1.0,1.0,[0.     0.0087 0.0006 0.049  0.3427 0.0504 0.3236]
94,1.8800000000000001,[1.6848],[-0.0195],[14.3207  0.3146  0.2035  0.1911  0.3653  0.2852  0.1197],[0.0087 0.001  0.0492 0.3499 0.0509 0.3255],7.582097627767156,542.412488602178,True,[0.0152],[0.0021 0.0012 0.0024 0.007  0.0029 0.007 ],[0.0086 0.0006 0.0486 0.3508 0.0509 0.3258],[0.9894 0.9982 0.949  0.6421 0.9462 0.6672],0.003766400700949683,1.0,1.0,[0.     0.0086 0.0006 0.0486 0.3508 0.0509 0.3258]
95,1.9000000000000001,[1.6844],[-0.0148],[14.3178  0.3145  0.2034  0.1911  0.3654  0.2852  0.1197],[0.0087 0.001  0.0495 0.3484 0.0509 0.3287],7.580850548819324,549.9933391509973,True,[0.0156],[0.0021 0.0012 0.0024 0.0071 0.0029 0.0071],[0.0086 0.0006 0.0495 0.3462 0.0508 0.3291],[0.9894 0.9982 0.9481 0.6467 0.9462 0.6638],0.003789650020274558,1.0,1.0,[0.     0.0086 0.0006 0.0495 0.3462 0.0508 0.3291]
96,1.92,[1.6842],[-0.0105],[14.3157  0.3145  0.2034  0.1911  0.3654  0.2852  0.1198],[0.0086 0.001  0.0494 0.3474 0.051  0.3287],7.581217123279005,557.5745562742762,True,[0.0158],[0.0021 0.0012 0.0024 0.0072 0.0029 0.0071],[0.0085 0.0006 0.0493 0.3459 0.051  0.3287],[0.9894 0.9982 0.9483 0.6469 0.9461 0.6642],0.0038125765369439873,1.0,1.0,[0.     0.0085 0.0006 0.0493 0.3459 0.051  0.3287]
97,1.94,[1.684],[-0.0049],[14.3144  0.3145  0.2034  0.1911  0.3654  0.2852  0.1198],[0.0086 0.001  0.0493 0.3491 0.0513 0.3296],7.579508874887008,565.1540651491632,True,[0.016],[0.0021 0.0012 0.0024 0.0072 0.0029 0.0072],[0.0085 0.0006 0.049  0.3493 0.0513 0.3297],[0.9894 0.9982 0.9486 0.6435 0.9458 0.6631],0.003836138630705335,1.0,1.0,[0.     0.0085 0.0006 0.049  0.3493 0.0513 0.3297]
98,1.96,[1.684],[0.0013],[14.3142  0.3145  0.2034  0.1911  0.3654  0.2852  0.1198],[0.0086 0.001  0.0492 0.3483 0.0512 0.3295],7.5800194114545825,572.7340845606178,True,[0.016],[0.0021 0.0012 0.0024 0.0073 0.0029 0.0072],[0.0085 0.0006 0.0489 0.3472 0.0512 0.3293],[0.9894 0.9982 0.9487 0.6455 0.9458 0.6635],0.0038590802650838116,1.0,1.0,[0.     0.0085 0.0006 0.0489 0.3472 0.0512 0.3293]
99,1.98,[1.6841],[0.0056],[14.3148  0.3145  0.2034  0.1911  0.3654  0.2852  0.1198],[0.0086 0.001  0.0491 0.3474 0.0512 0.3291],7.580894977455526,580.3149795380733,True,[0.0159],[0.0021 0.0012 0.0024 0.0073 0.003  0.0073],[0.0085 0.0006 0.0489 0.346  0.0512 0.3286],[0.9894 0.9982 0.9487 0.6467 0.9459 0.6642],0.00388203238471968,1.0,1.0,[0.     0.0085 0.0006 0.0489 0.346  0.0512 0.3286]
