global_step,avg_MF_assisted,avg_MF_no_assist
0,0.6999323905288769,0.6999323905288769
1,0.6998707850222484,0.6998707850222484
2,0.6998057303076659,0.6998057303076659
3,0.699738591126788,0.699738591126788
4,0.6996700976151665,0.6996700976151665
5,0.6996006874249225,0.6996006874249225
6,0.6995306408830245,0.6995306408830245
7,0.6994601461951487,0.6994601461951487
8,0.6993893332329724,0.6993893332329724
9,0.6993182939565216,0.6993182939565216
10,0.6992470941504326,0.6992470941504326
11,0.6991757817260406,0.6991757817260406
12,0.6991043915790565,0.6991043915790565
13,0.6990329495402965,0.6990329495402965
14,0.6989614745815295,0.6989614745815295
15,0.698889980894105,0.698889980894105
16,0.6988184789286368,0.6988184789286368
17,0.6987469765654047,0.6987469765654047
18,0.6986754795996736,0.6986754795996736
19,0.6986039924347045,0.6986039924347045
20,0.6985325182931731,0.6985325182931731
21,0.6984610596450173,0.6984610596450173
22,0.6983896182825348,0.6983896182825348
23,0.6983181955947529,0.6983181955947529
24,0.698246792576258,0.698246792576258
25,0.6981754100095857,0.6981754100095857
26,0.6981040484439524,0.6981040484439524
27,0.6980327083206813,0.6980327083206813
28,0.697961389940393,0.697961389940393
29,0.6978900935519693,0.6978900935519693
30,0.6978188193174611,0.6978188193174611
31,0.6977475673769162,0.6977475673769162
32,0.6976763378153438,0.6976763378153438
33,0.6975723694730017,0.6976051307110294
34,0.6974680909724045,0.6975339461063234
35,0.6973627801693584,0.6974627840443
36,0.69728873289153,0.6973916445438352
37,0.6972137400271694,0.6973205276278063
38,0.6971379738691561,0.6972494333022897
39,0.6970615829861506,0.697178361578481
40,0.6969846895137136,0.6971073124555766
41,0.6969073915491343,0.697036285937939
42,0.6968297689352742,0.6969652820211484
43,0.696751887715548,0.696926591952038
44,0.6967383688394855,0.6969524809058125
45,0.6967246752473789,0.6969783649792302
46,0.696710846784772,0.697004244172373
47,0.696696917385847,0.6970301184879849
48,0.6966829158844551,0.6970559879253161
49,0.6966688666556196,0.6970818524867376
50,0.6966547901358465,0.6971077121718348
51,0.6966407032805005,0.6971335669826783
52,0.6966266199627672,0.697159416919121
53,0.6966125513492734,0.697185261982994
54,0.6965985062382832,0.6972111021743639
55,0.6965844913787885,0.6972369374948699
56,0.696570511761094,0.6972627679447493
57,0.6965565708841926,0.6972885935254887
58,0.6965426709952206,0.6973144142374604
59,0.6965288140658322,0.6973402300820303
60,0.6965150004999598,0.6973660410596784
61,0.696501229935361,0.6973918471716726
62,0.696487501470024,0.6974176484185799
63,0.6964738137807612,0.6974434448015908
64,0.6964601652248161,0.6974692363213403
65,0.6964465539312333,0.6974950229789575
66,0.6964329778681803,0.6975208047751317
67,0.6964194349012888,0.6975465817109429
68,0.6964059228384522,0.6975723537871232
69,0.6963924394727757,0.6975981210047143
70,0.6963789826051606,0.6976238833644818
71,0.6963655500692933,0.6976496408674366
72,0.6963521397496398,0.6976753935143715
73,0.6963387495930777,0.6977011413062724
74,0.6963253776150045,0.6977268842439535
75,0.6963120219108355,0.6977526223283812
76,0.6962986806492152,0.6977783555603864
77,0.6962853520823739,0.6978040839409202
78,0.6962720345435457,0.6978298074708263
79,0.696258726438511,0.6978555261510437
80,0.6962454262540727,0.6978812399824266
81,0.6961998322702722,0.6979069489659039
82,0.6961542530907753,0.6979326531023379
83,0.6961086887831242,0.6979583523926497
84,0.6960631388278009,0.6979840468377082
85,0.6960176024831896,0.698009736438428
86,0.6959720788606539,0.6980354211956831
87,0.695926566969231,0.6980611011103828
88,0.6958810657191088,0.698086776183405
89,0.6958355741359475,0.6981124464156553
90,0.695790091232584,0.6981381118080142
91,0.6957446160398769,0.6981637723613844
92,0.695699147615314,0.6981894280766484
93,0.6956536850503648,0.698215078954706
94,0.6956082274719013,0.6982407249964419
95,0.695562774046183,0.6982663662027538
96,0.6955173239773201,0.6982920025745273
97,0.6954718765104704,0.6983176341126587
98,0.6954264309293899,0.6983432608180342
99,0.6953809865575523,0.6983688826915487
100,0.6953355427580629,0.6983944997340895
101,0.6952983678403267,0.6984201119465497
102,0.6952608942890803,0.6984457193298175
103,0.6952232150771699,0.6984713218847848
104,0.6951853925177636,0.6984969196123397
105,0.6951474698499451,0.698522512513374
106,0.6951094775378296,0.6985481005887754
107,0.6950714375485276,0.6985736838394351
108,0.6950333657381601,0.698599262266241
109,0.6949952737943552,0.6986248358700835
110,0.6949571702453713,0.6986504046518505
111,0.6949190614688608,0.6986759686124314
112,0.6948809521313662,0.6987015277527147
113,0.6948428457635534,0.6987270820735891
114,0.6948047449404887,0.6987526315759425
115,0.6947666516338824,0.6987781762606634
116,0.6947285672689403,0.6988037161286397
117,0.6946904929532501,0.6988292511807592
118,0.694652429474785,0.6988547814179095
119,0.6946143774586008,0.6988803068409785
120,0.694576337338192,0.6989058274508531
121,0.694538309467822,0.6989313432484207
122,0.6945322042701397,0.698956854234568
123,0.6945261027074454,0.6989823604101825
124,0.6945200049094659,0.6990078617761503
125,0.6945139109936146,0.6990333583333582
126,0.694507821027435,0.6990588500826925
127,0.69450173507949,0.6990843370250394
128,0.6944956531838896,0.6991098191612849
129,0.6944571562842824,0.6991352964923149
130,0.6944490253269331,0.699160769019015
131,0.6944391179735255,0.6991862367422711
132,0.6944277899179078,0.6992116996629684
133,0.6944154248272119,0.6992371577819917
134,0.694402373379634,0.6992626111002268
135,0.6943889989265709,0.6992880596185581
136,0.6943757787288339,0.6993135033378705
137,0.6943634377264477,0.6993389422590485
138,0.6943530331512463,0.6993643763829764
139,0.6943127264456818,0.6993898057105388
140,0.694273656578309,0.6994152302426193
141,0.6942331661020655,0.6994406499801024
142,0.694158236039772,0.6994660649238714
143,0.6940813301914934,0.6994914750748099
144,0.6940027606057418,0.6995168804338016
145,0.6939241060651339,0.6995422810017295
146,0.69384742502129,0.699567676779477
147,0.6937706510369216,0.6995930677679265
148,0.693660888164174,0.6996184539679614
149,0.6935829027824973,0.699643835380464
150,0.6935046141537479,0.6996692120063169
151,0.6933942494016988,0.6996945838464023
152,0.6933164013593253,0.6997199509016022
153,0.6932709686886797,0.6997453131727985
154,0.6932252323910714,0.6997706706608735
155,0.693179247529638,0.6997960233667085
156,0.6931001391009773,0.6998213712911849
157,0.692955658114145,0.699846714435184
158,0.692842988833919,0.6998720527995873
159,0.6927304649535917,0.6998973863852754
160,0.6926182554680929,0.6999227151931295
161,0.6925384035988363,0.6999480392240299
162,0.692458715448874,0.6999733584788572
163,0.6923790002953191,0.6999986729584919
164,0.6922992642702815,0.700023982663814
165,0.6921876490250055,0.7000492875957036
166,0.6920760332569582,0.7000745877550406
167,0.692030072624002,0.7000998831427045
168,0.6919840971497585,0.7001251737595751
169,0.6919381115662547,0.7001504596065317
170,0.6918921136855856,0.7001757406844532
171,0.6918133031057794,0.7002010169942191
172,0.6916694622265019,0.700226288536708
173,0.6915574920790055,0.7002515553127985
174,0.6914455800685286,0.7002768173233695
175,0.6913657899466586,0.7003020745692993
176,0.6912860426983974,0.7003273270514659
177,0.69120632806584,0.7003525747707476
178,0.6911266344312704,0.7003778177280223
179,0.6910469619914213,0.7004030559241677
180,0.6909354957708653,0.7004282893600614
181,0.6908240577214096,0.7004535180365807
182,0.690778121831554,0.7004787419546031
183,0.6907321971825539,0.7005039611150057
184,0.6906862842065351,0.700529175518665
185,0.6906403828507365,0.7005543851664582
186,0.6905287231630667,0.7005795900592618
187,0.6904170968720217,0.7006047901979523
188,0.6903375056477437,0.7006299855834062
189,0.6902579402969414,0.700655176216499
190,0.6901784020797832,0.7006803620981072
191,0.6900988896030521,0.7007055432291066
192,0.6900194021555176,0.7007307196103726
193,0.6899399393612221,0.7007558912427809
194,0.6898605014784103,0.7007810581272067
195,0.6898131123236676,0.7008062202645252
196,0.6897983512108179,0.7008313776556112
197,0.6897835966909823,0.70085653030134
198,0.689768848899377,0.7008816782025858
199,0.6897541078629206,0.7009068213602235
200,0.6896760920553214,0.7009319597751272
201,0.6896160650646387,0.7009570934481713
202,0.6895527010013454,0.7009822223802297
203,0.6894874573696893,0.7010073465721763
204,0.6894210366056891,0.7010324660248849
205,0.6893538369800333,0.7010575807392289
206,0.689286105023836,0.7010826907160816
207,0.689218002663198,0.7011077959563167
208,0.6891496398963902,0.7011328964608067
209,0.6890810938447788,0.7011579922304249
210,0.689012419202061,0.7011830832660438
211,0.6889436556412233,0.7012081695685363
212,0.6888748318851574,0.7012332511387744
213,0.6888059691877214,0.7012583279776307
214,0.688737083071631,0.7012834000859773
215,0.6886681851808257,0.7013084674646861
216,0.6885992840302467,0.7013335301146286
217,0.6885303860821105,0.7013585880366767
218,0.6884614960404386,0.7013836412317019
219,0.6883926175207703,0.7014086897005755
220,0.6883237531272788,0.7014337334441684
221,0.6882549048945554,0.7014587724633516
222,0.6881860742617542,0.7014838067589962
223,0.6881172623795764,0.7015088363319729
224,0.6880484700387964,0.7015338611831519
225,0.6879796978936487,0.7015588813134036
226,0.6879109463738385,0.7015838967235982
227,0.6878422158536486,0.7016089074146059
228,0.687773506561995,0.7016339133872962
229,0.6877048187146403,0.7016589146425392
230,0.68763615242923,0.7016839111812042
231,0.6875675078312969,0.7017089030041607
232,0.6874988849772015,0.7017338901122776
233,0.6874302839407486,0.7017588725064243
234,0.6873933977770115,0.7017838501874696
235,0.6873565245065043,0.7018088231562823
236,0.6873196641377123,0.7018337914137308
237,0.6872828166989128,0.7018587549606837
238,0.6872459821879454,0.7018837137980092
239,0.6872091606227713,0.7019086679265752
240,0.6871723519967582,0.7019336173472498
241,0.6871355563215115,0.7019585620609009
242,0.6870987735884078,0.701983502068396
243,0.6870620038050049,0.7020084373706026
244,0.6870884028023702,0.7020333679683879
245,0.68711479682712,0.7020582938626192
246,0.6871411858778975,0.7020832150541633
247,0.6871675699617027,0.7021081315438868
248,0.6871939490738139,0.7021330433326569
249,0.6872203232203652,0.7021579504213397
250,0.6872466923974417,0.7021828528108017
251,0.6872730566104316,0.7022077505019092
252,0.6872994158561085,0.702232643495528
253,0.6873257701392231,0.702257531792524
254,0.6873521194571385,0.7022824153937629
255,0.6873784638140593,0.7023072943001103
256,0.6874048032078529,0.7023321685124316
257,0.6874311376422567,0.7023570380315919
258,0.6874574671155701,0.7023819028584564
259,0.6874837916311299,0.7024067629938898
260,0.6875101111876055,0.702431618438757
261,0.6875364257879908,0.7024564691939226
262,0.6875627354312717,0.7024813152602509
263,0.6875890401201482,0.7025061566386065
264,0.6876153398538785,0.702530993329853
265,0.6876416346349093,0.7025558253348548
266,0.6876679244627325,0.7025806526544754
267,0.6876942093395785,0.7026054752895785
268,0.6877204892651384,0.7026302932410274
269,0.6877467642414569,0.7026551065096859
270,0.6877730342683971,0.7026799150964166
271,0.6877992993478433,0.7027047190020829
272,0.687825559479807,0.7027295182275474
273,0.6878518146660345,0.7027543127736728
274,0.6878780649066644,0.7027791026413217
275,0.6879043102033243,0.7028038878313564
276,0.687930550556262,0.7028286683446391
277,0.6879567859670036,0.7028534441820319
278,0.68798301643589,0.7028782153443965
279,0.6880092419643605,0.7029029818325948
280,0.6880354625528363,0.7029277436474883
281,0.6880616782026813,0.7029525007899385
282,0.6880878889143857,0.7029772532608064
283,0.688114094689249,0.7030020010609533
284,0.6881402955278203,0.7030267441912401
285,0.6881664914313438,0.7030514826525275
286,0.6881926824004198,0.703076216445676
287,0.6882188684362439,0.7031009455715463
288,0.6882450495394606,0.7031256700309986
289,0.6882712257112242,0.7031503898248929
290,0.6882973969522169,0.7031751049540893
291,0.6883235632635575,0.7031998154194478
292,0.6883497246459601,0.7032245212218277
293,0.6883758811005133,0.7032492223620886
294,0.6884020326279588,0.70327391884109
295,0.688428179229359,0.703298610659691
296,0.6884543209054789,0.7033232978187506
297,0.6884804576573589,0.7033479803191276
298,0.688506589485784,0.7033726581616809
299,0.6885327163917748,0.7033973313472689
300,0.6885588383761343,0.7034219998767499
301,0.6885849554398661,0.7034466637509822
302,0.6886110675837881,0.7034713229708242
303,0.6886371748088892,0.7034959775371333
304,0.6886632771160003,0.7035206274507676
305,0.6886893745060979,0.7035452727125847
306,0.6887154669800234,0.703569913323442
307,0.6887415545387432,0.7035945492841965
308,0.6887676371831075,0.7036191805957056
309,0.6887937149140738,0.7036438072588264
310,0.6888197877325001,0.7036684292744154
311,0.6888458556393355,0.7036930466433294
312,0.688871918635445,0.7037176593664248
313,0.6888979767217713,0.7037422674445581
314,0.6889240298991846,0.7037668708785855
315,0.6889500781686216,0.7037914696693628
316,0.688976121530958,0.7038160638177461
317,0.6890021599871247,0.7038406533245909
318,0.6890281935380015,0.7038652381907529
319,0.6890542221845153,0.7038898184170873
320,0.689080245927549,0.7039143940044497
321,0.689106264768026,0.7039389649536948
322,0.689132278706832,0.7039635312656777
323,0.6891582877448866,0.7039880929412531
324,0.6891842918830786,0.7040126499812757
325,0.6892102911223246,0.7040372023865996
326,0.6892362854635148,0.7040617501580798
327,0.6892622749075641,0.7040862932965696
328,0.6892882594553639,0.7041108318029236
329,0.689314239107827,0.7041353656779953
330,0.6893402138658461,0.7041598949226384
331,0.6893661837303325,0.7041844195377065
332,0.6893921487021797,0.7042089395240527
333,0.6894181087822971,0.7042334548825305
334,0.6894440639715796,0.7042579656139928
335,0.6894700142709348,0.7042824717192925
336,0.6894959596812585,0.7043069731992823
337,0.6895219002034568,0.7043314700548146
338,0.6895478358384262,0.704355962286742
339,0.6895737665870715,0.7043804498959169
340,0.6895996924502897,0.7044049328831908
341,0.6896256134289849,0.7044294112494164
342,0.6896515295240538,0.7044538849954448
343,0.6896774407364,0.7044783541221279
344,0.6897033470669206,0.7045028186303174
345,0.6897292485165177,0.7045272785208639
346,0.6897551450860889,0.7045517337946193
347,0.6897810367765357,0.7045761844524342
348,0.6898069235887557,0.7046006304951596
349,0.6898328055236496,0.7046250719236461
350,0.6898586825821148,0.704649508738744
351,0.6898845547650515,0.7046739409413041
352,0.6899104220733573,0.7046983685321763
353,0.6899362845079318,0.7047227915122107
354,0.6899621420696723,0.7047472098822571
355,0.6899879947594777,0.7047716236431656
356,0.6900138425782453,0.7047960327957852
357,0.6900396855268737,0.7048204373409658
358,0.6900655236062598,0.7048448372795567
359,0.690091356817302,0.7048692326124065
360,0.6901171851608968,0.7048936233403648
361,0.690143008637942,0.7049180094642796
362,0.6901688272493339,0.7049423909850003
363,0.6901946409959704,0.7049667679033753
364,0.6902204498787471,0.7049911402202523
365,0.6902462538985611,0.7050155079364799
366,0.6902720530563086,0.7050398710529063
367,0.6902978473528859,0.7050642295703793
368,0.6903236367891888,0.7050885834897461
369,0.6903494213661133,0.7051129328118547
370,0.6903752010845551,0.7051372775375525
371,0.6904009759454097,0.7051616176676866
372,0.6904267459495722,0.7051859532031041
373,0.6904525110979384,0.7052102841446516
374,0.6904782713914027,0.7052346104931765
375,0.6905040268308603,0.7052589322495252
376,0.6905297774172058,0.7052832494145437
377,0.690555523151334,0.7053075619890787
378,0.6905812640341386,0.7053318699739765
379,0.6906070000665143,0.7053561733700825
380,0.6906327312493552,0.7053804721782432
381,0.690658457583555,0.7054047663993038
382,0.6906841790700075,0.70542905603411
383,0.6907098957096062,0.7054533410835072
384,0.6907356075032444,0.7054776215483405
385,0.6907613144518153,0.705501897429455
386,0.6907870165562121,0.7055261687276957
387,0.6908127138173277,0.7055504354439069
388,0.6908384062360547,0.7055746975789338
389,0.6908640938132855,0.7055989551336204
390,0.6908897765499128,0.7056232081088112
391,0.6909154544468289,0.70564745650535
392,0.6909411275049254,0.7056717003240811
393,0.6909667957250947,0.7056959395658482
394,0.690992459108228,0.7057201742314949
395,0.6910181176552176,0.7057444043218647
396,0.6910437713669543,0.705768629837801
397,0.6910694202443293,0.705792850780147
398,0.6910950642882341,0.7058170671497456
399,0.6911207034995596,0.7058412789474396
400,0.691146337879196,0.7058654861740722
401,0.6911719674280344,0.7058896888304852
402,0.6911975921469651,0.7059138869175218
403,0.6912232120368783,0.7059380804360235
404,0.6912488270986641,0.7059622693868332
405,0.6912744373332126,0.7059864537707919
406,0.6913000427414132,0.7060106335887423
407,0.6913256433241558,0.7060348088415255
408,0.6913512390823299,0.7060589795299831
409,0.6913768300168245,0.7060831456549564
410,0.6914024161285287,0.7061073072172867
411,0.6914279974183316,0.7061314642178148
412,0.6914535738871223,0.7061556166573815
413,0.6914791455357886,0.7061797645368277
414,0.6915047123652197,0.7062039078569939
415,0.6915302743763037,0.7062280466187206
416,0.6915558315699283,0.7062521808228478
417,0.6915813839469821,0.7062763104702157
418,0.6916069315083525,0.7063004355616642
419,0.6916324742549272,0.7063245560980332
420,0.6916580121875939,0.706348672080162
421,0.6916835453072396,0.7063727835088905
422,0.6917090736147515,0.7063968903850576
423,0.6917345971110168,0.7064209927095028
424,0.6917601157969219,0.7064450904830649
425,0.6917856296733541,0.7064691837065826
426,0.691811138741199,0.7064932723808948
427,0.691836643001344,0.7065173565068402
428,0.6918621424546744,0.7065414360852568
429,0.6918876371020763,0.706565511116983
430,0.6919131269444362,0.7065895816028568
431,0.6919386119826388,0.7066136475437164
432,0.6919640922175705,0.706637708940399
433,0.6919895676501161,0.7066617657937427
434,0.6920150382811611,0.7066858181045849
435,0.6920078809672443,0.7067098658737626
436,0.6920002861798155,0.7067339091021133
437,0.6919918076130015,0.7067579477904736
438,0.6919824341179638,0.7067819819396809
439,0.6919722925756181,0.7068060115505713
440,0.6919615200110684,0.7068300366239816
441,0.6919502343428822,0.706854057160748
442,0.69193853228539,0.7068780731617071
443,0.6919264918775667,0.7069020846276947
444,0.6919141762595565,0.7069260915595467
445,0.6919016374139622,0.7069500939580987
446,0.691888918935302,0.7069740918241868
447,0.6918760580375634,0.7069980851586459
448,0.6918630870454537,0.7070220739623116
449,0.6918500345309507,0.7070460582360191
450,0.6918369262219285,0.7070700379806031
451,0.691823785753131,0.7070940131968987
452,0.6918114335320834,0.7071179838857403
453,0.6917991146511869,0.7071419500479629
454,0.6917868886820459,0.7071659116844002
455,0.6917747609314612,0.7071898687958872
456,0.6917627559087972,0.7072138213832572
457,0.6917508600414181,0.7072377694473445
458,0.6917391105536871,0.7072617129889829
459,0.6917275192452804,0.707285652009006
460,0.6917161197534792,0.7073095865082472
461,0.6917049302392714,0.7073335164875393
462,0.6916939844805999,0.7073574419477163
463,0.6916833050458608,0.7073813628896107
464,0.6916729280296475,0.7074052793140555
465,0.6916628789552957,0.7074291912218834
466,0.6916531977151807,0.7074530986139266
467,0.6916439106552293,0.7074770014910179
468,0.691635063483746,0.7075008998539891
469,0.6916266788341644,0.7075247937036728
470,0.6916188137938165,0.7075486830409004
471,0.6916114748001877,0.7075725678665039
472,0.691604752081766,0.707596448181315
473,0.691598591491643,0.7076203239861648
474,0.691592511552675,0.707644195281885
475,0.6915864344455889,0.7076680620693067
476,0.691580360564687,0.7076919243492606
477,0.6915742900787271,0.7077157821225777
478,0.6915682232285447,0.7077396353900888
479,0.691562160089681,0.7077634841526245
480,0.6915561008133734,0.7077873284110149
481,0.6915500454260793,0.7078111681660902
482,0.6915439940258347,0.7078350034186807
483,0.6915379466142079,0.7078588341696164
484,0.691531903256949,0.7078826604197269
485,0.6915258639438574,0.7079064821698416
486,0.6915198287205522,0.7079302994207906
487,0.6915137975720459,0.7079541121734026
488,0.6915077705309983,0.7079779204285069
489,0.691501747581241,0.7080017241869329
490,0.6914957287467862,0.7080255234495089
491,0.6914897140120488,0.7080493182170638
492,0.6914837033950533,0.7080731084904265
493,0.6914776968815701,0.7080968942704248
494,0.6914716944853284,0.7081206755578874
495,0.6914970072666019,0.7081444523536421
496,0.6915223152794296,0.7081682246585169
497,0.6915476185172706,0.7081919924733399
498,0.6915729169901894,0.7082157557989381
499,0.6915982106907336,0.7082395146361397
500,0.6916234996273335,0.7082632689857715
501,0.6916487837940247,0.7082870188486611
502,0.6916740631978864,0.7083107642256351
503,0.6916993378341795,0.7083345051175204
504,0.6917246077088705,0.708358241525144
505,0.6917498728182299,0.7083819734493324
506,0.6917751331673071,0.708405700890912
507,0.6918003887532036,0.708429423850709
508,0.6918256395802153,0.7084531423295494
509,0.6918508856461264,0.7084768563282591
510,0.6918761269546128,0.7085005658476645
511,0.6919013635040199,0.7085242708885907
512,0.6919265952975145,0.7085479714518632
513,0.6919518223339028,0.7085716675383075
514,0.6919770446159337,0.7085953591487488
515,0.6920022621427911,0.7086190462840122
516,0.6920274749168812,0.7086427289449223
517,0.6920526829376977,0.7086664071323042
518,0.6920778862073655,0.7086900808469823
519,0.6921030847256325,0.7087137500897812
520,0.6921282784943931,0.7087374148615249
521,0.6921534675136028,0.7087610751630377
522,0.6921786517849676,0.7087847309951435
523,0.6922038313086132,0.7088083823586664
524,0.6922290060860908,0.7088320292544297
525,0.6922541761176652,0.7088556716832571
526,0.6922466900293539,0.708879309645972
527,0.6922374924342538,0.7089029431433977
528,0.6922262476267796,0.708926572176357
529,0.6922135151640226,0.7089501967456732
530,0.6921999505523139,0.7089738168521685
531,0.6921864988693387,0.7089974324966661
532,0.6921417523035935,0.7090210436799883
533,0.6921016225392872,0.7090446504029572
534,0.6920266179972757,0.7090682526663948
535,0.6919497421891574,0.7090918504711238
536,0.6918715797630058,0.7091154438179655
537,0.6917967149569936,0.7091390327077418
538,0.6917204058881424,0.7091626171412742
539,0.6916114041295974,0.7091861971193841
540,0.6915017190483757,0.7092097726428929
541,0.6913915798216063,0.7092333437126213
542,0.6913136671107654,0.7092569103293908
543,0.691204156182203,0.7092804724940217
544,0.6911279007528349,0.7093040302073348
545,0.6910845570451407,0.7093275834701509
546,0.6910408411796252,0.7093511322832899
547,0.6909967732994997,0.7093746766475723
548,0.6908865651241732,0.7093982165638179
549,0.6907427735029076,0.7094217520328469
550,0.6906303087512825,0.7094452830554786
551,0.6905181406688934,0.7094688096325331
552,0.6904063050956358,0.7094923317648294
553,0.690326203567358,0.709515849453187
554,0.6902462074049168,0.7095393626984251
555,0.69013475922159,0.7095628715013625
556,0.6899917337599457,0.7095863758628181
557,0.6898811384226594,0.7096098757836106
558,0.6897705323884412,0.7096333712645587
559,0.6897263950366587,0.7096568623064804
560,0.6896822421539798,0.7096803489101943
561,0.6896380727316317,0.709703831076518
562,0.6895606845226236,0.7097273088062702
563,0.6894175816938272,0.7097507821002679
564,0.6893058668068669,0.7097742509593291
565,0.6891942028838521,0.7097977153842714
566,0.6890826017867436,0.7098211753759118
567,0.6890025054631721,0.7098446309350677
568,0.688922448632351,0.709868082062556
569,0.688842411778441,0.7098915287591936
570,0.6887623954248671,0.7099149710257974
571,0.6886833884782728,0.7099384088631835
572,0.6885729446409606,0.7099618422721689
573,0.6885288228367581,0.7099852712535695
574,0.6884847112492984,0.7100086958082015
575,0.6884406107308828,0.710032115936881
576,0.6883965214389841,0.7100555316404238
577,0.6882851222306909,0.7100789429196452
578,0.6881737577981148,0.7101023497753612
579,0.6880938244604503,0.7101257522083871
580,0.6880139174668596,0.7101491502195377
581,0.6879340372555376,0.7101725438096286
582,0.6878541828877224,0.7101959329794746
583,0.6877743535097153,0.7102193177298902
584,0.6876945490757008,0.7102426980616902
585,0.6876470581671567,0.7102660739756889
586,0.6875995830461096,0.7102894454727009
587,0.6875851339868956,0.7103128125535402
588,0.6875706917546257,0.7103361752190208
589,0.6875562563833252,0.7103595334699567
590,0.6875418279035722,0.7103828873071615
591,0.687462107174485,0.7104062367314489
592,0.6873824117804263,0.710429581743632
593,0.6873357338767444,0.7104529223445244
594,0.6872890719276853,0.7104762585349391
595,0.6872094336004312,0.7104995903156891
596,0.6871628036754149,0.7105229176875872
597,0.687116189665884,0.7105462406514459
598,0.6870695915658148,0.7105695592080781
599,0.6870230094112003,0.7105928733582957
600,0.6869473649146222,0.7106161831029114
601,0.6868886626740055,0.7106394884427369
602,0.6868265088181936,0.7106627893785844
603,0.6867624248545545,0.7106860859112656
604,0.6866971361749551,0.7107093780415918
605,0.6866310517850533,0.7107326657703749
606,0.6865644240488736,0.7107559490984259
607,0.6864974183425206,0.7107792280265562
608,0.6864301468728032,0.7108025025555768
609,0.6863626881989631,0.7108257726862984
610,0.6862950980255417,0.710849038419532
611,0.686227416705036,0.7108722997560878
612,0.6861596734738397,0.7108955566967765
613,0.6860918899268048,0.7109188092424082
614,0.6860240818648303,0.7109420573937935
615,0.6859562611065876,0.7109653011517417
616,0.6858884363249106,0.7109885405170632
617,0.6858206140706824,0.7110117754905674
618,0.685752799141332,0.7110350060730637
619,0.6856849951953459,0.7110582322653617
620,0.6856172048946073,0.7110814540682705
621,0.685549430292185,0.7111046714825995
622,0.6854816728646633,0.711127884509157
623,0.6853816696397992,0.7111510931487525
624,0.6852809549191504,0.7111742974021941
625,0.6852090012127041,0.7111974972702906
626,0.6851351553043593,0.7112206927538502
627,0.6850914972158789,0.7112438838536811
628,0.6850154944881092,0.7112670705705914
629,0.6849744185105894,0.7112902529053887
630,0.6849003878082547,0.7113134308588812
631,0.6848236332218985,0.7113366044318764
632,0.684750031443566,0.7113597736251815
633,0.6846757470038497,0.7113829384396038
634,0.6846003620676995,0.7114060988759507
635,0.6844930178175592,0.7114292549350291
636,0.684385092344216,0.7114524066176457
637,0.6842767622700029,0.7114755539246073
638,0.6842003048384141,0.7114986968567205
639,0.6841566763122028,0.7115218354147917
640,0.684114809440903,0.7115449695996271
641,0.6840726783279711,0.7115680994120327
642,0.6840301069558169,0.7115912248528148
643,0.6839871123844298,0.7116143459227788
644,0.6838786809264829,0.7116374626227305
645,0.683737044314498,0.7116605749534757
646,0.6836264998831653,0.7116836829158193
647,0.6835164567854287,0.7117067865105668
648,0.6834065834502377,0.7117298857385234
649,0.6833279784265694,0.7117529806004935
650,0.6832182100218227,0.7117760710972826
651,0.6831084072561492,0.7117991572296943
652,0.6829675722277601,0.7118222389985341
653,0.6828588034339492,0.711845316404606
654,0.68275002469887,0.711868389448714
655,0.6827069670188238,0.7118914581316621
656,0.6826638931849048,0.7119145224542544
657,0.6826208054743926,0.7119375824172945
658,0.6825448628433013,0.711960638021586
659,0.6824039751971992,0.7119836892679322
660,0.6822942034962317,0.7120067361571367
661,0.6821845001605374,0.7120297786900025
662,0.6821057690172285,0.7120528168673325
663,0.6820270822099225,0.7120758506899296
664,0.6819173309659798,0.7120988801585965
665,0.6818386889341962,0.7121219052741359
666,0.6817920642562566,0.7121449260373498
667,0.6816834373162127,0.7121679424490409
668,0.681574838216204,0.7121909545100111
669,0.6815318159151377,0.7122139622210625
670,0.681488804430678,0.7122369655829964
671,0.6814458040872978,0.7122599645966151
672,0.6814011250161957,0.7122829592627197
673,0.6813225427552521,0.7123059495821119
674,0.6812439869922983,0.7123289355555927
675,0.6811654576073117,0.7123519171839631
676,0.6810869537530381,0.7123748944680242
677,0.6810084752390325,0.7123978674085766
678,0.680930021887391,0.7124208360064211
679,0.6808835354066228,0.7124438002623581
680,0.6808370646621101,0.7124667601771879
681,0.6807906098233428,0.7124897157517106
682,0.6807441709991675,0.7125126669867267
683,0.6807303934683896,0.7125356138830355
684,0.6807166227202798,0.7125585564414371
685,0.6806382712607064,0.712581494662731
686,0.6805925812632374,0.7126044285477166
687,0.6805469070132442,0.7126273580971932
688,0.6804686121310186,0.7126502833119601
689,0.6803903423081104,0.7126732041928161
690,0.680344715776183,0.7126961207405603
691,0.680266486600131,0.712719032955991
692,0.6801882824661755,0.7127419408399072
693,0.6801427035223268,0.712764844393107
694,0.6800971403099428,0.7127877436163891
695,0.6800189925657679,0.7128106385105512
696,0.6799408698639914,0.7128335290763914
697,0.6798953541887504,0.7128564153147076
698,0.6798498542340842,0.7128792972262974
699,0.6797717878487609,0.7129021748119584
700,0.6796972207297075,0.7129250480724879
701,0.6796402814791561,0.7129479170086831
702,0.679579823066241,0.7129707816213413
703,0.6795174036923254,0.7129936419112594
704,0.6794537623655831,0.7130164978792339
705,0.6793893146159143,0.713039349526062
706,0.6793243163789643,0.7130621968525395
707,0.6792589352098618,0.7130850398594636
708,0.6791932846777008,0.7131078785476298
709,0.6791274442882161,0.7131307129178343
710,0.6790614703578285,0.7131535429708734
711,0.6789954037119198,0.7131763687075425
712,0.6789292738813103,0.7131991901286376
713,0.6788631027189539,0.7132220072349537
714,0.678796906168735,0.7132448200272864
715,0.6787306962001504,0.713267628506431
716,0.678664481551955,0.713290432673182
717,0.678598268868981,0.7133132325283351
718,0.6785320629741545,0.7133360280726845
719,0.6784658675884767,0.7133588193070249
720,0.678399685378002,0.7133816062321507
721,0.6783335184403082,0.7134043888488564
722,0.6782673682451033,0.7134271671579361
723,0.6782012359823663,0.7134499411601838
724,0.6781351224561742,0.7134727108563931
725,0.6780690283466414,0.7134954762473581
726,0.6780029540873261,0.7135182373338723
727,0.6779369000707062,0.713540994116729
728,0.677870866524454,0.7135637465967215
729,0.6778048536780253,0.7135864947746432
730,0.6777388616451634,0.7136092386512867
731,0.6776728905623681,0.7136319782274451
732,0.6776069404808066,0.713654713503911
733,0.677541011483522,0.7136774444814767
734,0.6774751035877409,0.7137001711609353
735,0.6774397943058812,0.7137228935430785
736,0.6774044975032973,0.7137456116286983
737,0.6773692132153739,0.7137683254185873
738,0.6773339414341147,0.7137910349135369
739,0.677298682183919,0.7138137401143387
740,0.6772634354525962,0.7138364410217845
741,0.6772282012576599,0.7138591376366654
742,0.6771929795852581,0.7138818299597728
743,0.6771577704483901,0.7139045179918978
744,0.6771844069533192,0.7139272017338314
745,0.6772110384466995,0.7139498811863642
746,0.6772376649230415,0.7139725563502869
747,0.6772642863938444,0.7139952272263903
748,0.6772909028500785,0.7140178938154645
749,0.6773175143020288,0.7140405561183
750,0.6773441207418117,0.7140632141356863
751,0.6773707221786361,0.7140858678684139
752,0.6773973186056285,0.7141085173172722
753,0.6774239100310487,0.7141311624830511
754,0.677450496448913,0.71415380336654
755,0.6774770778666452,0.7141764399685281
756,0.6775036542790467,0.714199072289805
757,0.6775302256928025,0.7142217003311594
758,0.6775567921034079,0.7142443240933801
759,0.6775833535168948,0.7142669435772563
760,0.6776099099293723,0.7142895587835763
761,0.6776364613462941,0.7143121697131286
762,0.6776630077643123,0.7143347763667016
763,0.677689549188369,0.7143573787450835
764,0.6777160856155978,0.7143799768490625
765,0.6777426170504862,0.714402570679426
766,0.6777691434905954,0.7144251602369623
767,0.6777956649400098,0.7144477455224584
768,0.6778221813966693,0.7144703265367025
769,0.677848692864301,0.7144929032804814
770,0.6778751993411808,0.7145154757545823
771,0.6779017008307185,0.7145380439597924
772,0.6779281973314885,0.7145606078968986
773,0.6779546888466182,0.7145831675666873
774,0.6779811753749477,0.7146057229699454
775,0.6780076569193537,0.7146282741074591
776,0.6780341334789116,0.714650820980015
777,0.6780606050562756,0.7146733635883992
778,0.6780870716507303,0.7146959019333973
779,0.6781135332647321,0.7147184360157958
780,0.6781399898977513,0.7147409658363797
781,0.6781664415520687,0.7147634913959352
782,0.6781928882273193,0.7147860126952476
783,0.678219329925628,0.7148085297351018
784,0.6782457666467762,0.7148310425162835
785,0.6782721983927497,0.7148535510395772
786,0.6782986251634607,0.7148760553057679
787,0.6783250469607717,0.7148985553156404
788,0.67835146378471,0.7149210510699794
789,0.6783778756370286,0.7149435425695688
790,0.6784042825178574,0.7149660298151935
791,0.6784306844288522,0.7149885128076372
792,0.6784570813702341,0.715010991547684
793,0.6784834733435722,0.7150334660361177
794,0.6785098603491683,0.7150559362737222
795,0.6785362423885148,0.7150784022612807
796,0.6785626194619856,0.715100863999577
797,0.6785889915710045,0.7151233214893941
798,0.6786153587160088,0.715145774731515
799,0.6786417208983622,0.7151682237267227
800,0.678668078118558,0.7151906684758006
801,0.6786944303779068,0.7152131089795306
802,0.6787207776769509,0.7152355452386958
803,0.6787471200169538,0.7152579772540784
804,0.6787734573985019,0.7152804050264604
805,0.6787997898228166,0.7153028285566244
806,0.6788261172905234,0.7153252478453518
807,0.6788524398028061,0.7153476628934249
808,0.6788787573603244,0.7153700737016252
809,0.6789050699642297,0.7153924802707342
810,0.6789313776152118,0.7154148826015332
811,0.6789576803143927,0.7154372806948036
812,0.6789839780624893,0.7154596745513265
813,0.6790102708605975,0.7154820641718828
814,0.6790365587094582,0.7155044495572532
815,0.6790628416101443,0.7155268307082187
816,0.6790891195634171,0.7155492076255593
817,0.6791153925703296,0.7155715803100557
818,0.6791095448145485,0.7155939487624883
819,0.6791028019558505,0.7156163129836369
820,0.6790929144037924,0.7156386729742815
821,0.6790484681440002,0.715661028735202
822,0.6789722400063951,0.7156833802671779
823,0.6788965392324191,0.7157057275709889
824,0.6788234749747479,0.7157280706474142
825,0.678750876664472,0.7157504094972333
826,0.6786772767654492,0.7157727441212249
827,0.6786030341572599,0.7157950745201683
828,0.6784976121199664,0.7158174006948421
829,0.6783916665220914,0.715839722646025
830,0.6782852719488831,0.7158620403744956
831,0.6781784908510154,0.715884353881032
832,0.6781034352599958,0.7159066631664127
833,0.6780937608264797,0.7159289682314155
834,0.6780534557261241,0.7159512690768186
835,0.6780131384852335,0.7159735657033998
836,0.67797244116095,0.7159958581119367
837,0.677931343077809,0.7160181463032066
838,0.6777923778808727,0.716040430277987
839,0.677684002348971,0.7160627100370553
840,0.6775758319196417,0.7160849855811885
841,0.6774678604166721,0.7161072569111632
842,0.6773599979077257,0.7161295240277566
843,0.6772215677893185,0.7161517869317451
844,0.6770831107165431,0.7161740456239055
845,0.6769446191884936,0.7161963001050138
846,0.6768368568853207,0.7162185503758464
847,0.6766984265128909,0.7162407964371793
848,0.6765919043412278,0.7162630382897884
849,0.6764534632604128,0.7162852759344499
850,0.6763776560204854,0.7163075093719389
851,0.676303811583722,0.7163297386030312
852,0.6762280343263704,0.7163519636285022
853,0.6761203823843767,0.7163741844491268
854,0.6759820810528373,0.7163964010656803
855,0.675875694981753,0.7164186134789378
856,0.6757693309372098,0.7164408216896736
857,0.6756921341139527,0.7164630256986628
858,0.6756161569916129,0.7164852255066799
859,0.6755424590356333,0.7165074211144988
860,0.6754043088024303,0.7165296125228942
861,0.6753271857878529,0.71655179973264
862,0.675219417751194,0.7165739827445102
863,0.6751132116671418,0.7165961615592785
864,0.6750361571101514,0.7166183361777185
865,0.6749591301527169,0.716640506600604
866,0.6748514586822089,0.7166626728287079
867,0.674745332435481,0.7166848348628037
868,0.6746683703752288,0.7167069927036644
869,0.6745914372422425,0.7167291463520632
870,0.6745156654524073,0.7167512958087724
871,0.6744705743110101,0.7167734410745651
872,0.6743936954309137,0.7167955821502136
873,0.674286179810866,0.71681771903649
874,0.6742126249413642,0.7168398517341671
875,0.674135802982863,0.7168619802440168
876,0.6740590077273046,0.7168841045668106
877,0.6739515806997526,0.716906224703321
878,0.6738780690165966,0.7169283406543189
879,0.6738013288659479,0.7169504524205764
880,0.67372461725117,0.7169725600028647
881,0.6736172782145662,0.716994663401955
882,0.6735730016648396,0.7170167626186182
883,0.6734963537882201,0.7170388576536256
884,0.673389082484967,0.7170609485077478
885,0.6733156367548881,0.7170830351817553
886,0.6732390446302691,0.7171051176764189
887,0.6731624801765621,0.717127195992509
888,0.6730552971566981,0.7171492701307955
889,0.6730428027120553,0.7171713400920489
890,0.6729662928289902,0.7171934058770387
891,0.6728898110877766,0.7172154674865352
892,0.6728164226479075,0.7172375249213077
893,0.6727399694170041,0.7172595781821259
894,0.6726635428222049,0.7172816272697591
895,0.6725564978852817,0.7173036721849765
896,0.6725137909735822,0.7173257129285474
897,0.6724374193858287,0.7173477495012405
898,0.6723610756685255,0.7173697819038246
899,0.672286389527677,0.7173918101370688
900,0.6722140122036775,0.7174138342017412
901,0.6721592963175474,0.7174358540986102
902,0.672100875745946,0.7174578698284444
903,0.6720404119943018,0.7174798813920117
904,0.6719786810614883,0.71750188879008
905,0.671916115902779,0.7175238920234172
906,0.6718529819630721,0.7175458910927907
907,0.6717894525230603,0.7175678859989686
908,0.6717256447861614,0.7175898767427179
909,0.671661640709702,0.717611863324806
910,0.6715974982676102,0.7176338457459996
911,0.6715332594836617,0.7176558240070666
912,0.6714689547120053,0.717677798108773
913,0.6714046064369515,0.7176997680518857
914,0.6713402310270548,0.7177217338371715
915,0.6712758408012505,0.7177436954653965
916,0.6712114447187182,0.7177656529373272
917,0.6711470496257476,0.7177876062537297
918,0.6710826604569883,0.7178095554153696
919,0.6710182810546553,0.7178315004230132
920,0.6709539141375634,0.7178534412774263
921,0.6708895618800407,0.717875377979374
922,0.6708252257723726,0.7178973105296221
923,0.6707609070562076,0.7179192389289356
924,0.6706966065387201,0.71794116317808
925,0.6706323249372651,0.7179630832778198
926,0.6705680626791791,0.71798499922892
927,0.6705038201856578,0.7180069110321456
928,0.6704395976733856,0.7180288186882612
929,0.6703753953953081,0.7180507221980309
930,0.6703112134519568,0.7180726215622192
931,0.6702470519999447,0.7180945167815901
932,0.6701829110764185,0.7181164078569079
933,0.6701187907822069,0.7181382947889362
934,0.6700546911204865,0.7181601775784388
935,0.6700205690858025,0.7181820562261793
936,0.6699864592385767,0.7182039307329212
937,0.6699523616305524,0.7182258010994277
938,0.6699182762405456,0.7182476673264621
939,0.6698842031063902,0.7182695294147873
940,0.6698501422034614,0.7182913873651661
941,0.6698160935617316,0.7183132411783616
942,0.669782057155684,0.7183350908551364
943,0.66974803300989,0.7183569363962524
944,0.6697752141372657,0.7183787778024725
945,0.6698023901589898,0.7184006150745587
946,0.6698295610598336,0.7184224482132726
947,0.6698567268612154,0.7184442772193771
948,0.6698838875445762,0.718466102093633
949,0.6699110431294232,0.7184879228368025
950,0.66993819359902,0.7185097394496468
951,0.6699653389711423,0.7185315519329274
952,0.6699924792306978,0.7185533602874054
953,0.6700196143939,0.718575164513842
954,0.67004674444714,0.7185969646129977
955,0.6700738694052205,0.7186187605856338
956,0.6701009892558734,0.7186405524325107
957,0.6701281040126256,0.7186623401543889
958,0.6701552136644223,0.7186841237520291
959,0.6701823182236347,0.7187059032261908
960,0.6702094176803074,0.7187276785776348
961,0.6702365120457646,0.7187494498071206
962,0.670263601311047,0.7187712169154081
963,0.6702906854865294,0.7187929799032572
964,0.6703177645641561,0.7188147387714269
965,0.6703448385534406,0.7188364935206772
966,0.670371907447147,0.7188582441517669
967,0.670398971254007,0.7188799906654552
968,0.6704260299675293,0.7189017330625012
969,0.670453083595735,0.7189234713436635
970,0.6704801321328094,0.7189452055097011
971,0.6705071755861277,0.718966935561372
972,0.670534213950491,0.7189886614994353
973,0.6705612472326862,0.7190103833246488
974,0.6705882754280749,0.7190321010377708
975,0.6706152985429088,0.7190538146395591
976,0.6706423165730588,0.7190755241307715
977,0.6706693295242906,0.7190972295121661
978,0.6706963373929383,0.7191189307845001
979,0.6707233401843244,0.719140627948531
980,0.6707503378952056,0.7191623210050162
981,0.6707773305305006,0.7191840099547128
982,0.6708043180873502,0.7192056947983776
983,0.6708313005703062,0.7192273755367676
984,0.6708582779768589,0.7192490521706398
985,0.6708852503112257,0.7192707247007505
986,0.6709122175712157,0.7192923931278562
987,0.6709391797607411,0.719314057452713
988,0.6709661368779017,0.7193357176760776
989,0.6709930889263318,0.7193573737987055
990,0.6710200359043951,0.7193790258213526
991,0.6710469778154738,0.7194006737447752
992,0.6710739146581717,0.7194223175697284
993,0.671100846435641,0.7194439572969676
994,0.6711277731467042,0.7194655929272487
995,0.6711546947943043,0.7194872244613264
996,0.6711816113774627,0.7195088518999558
997,0.6712085228989321,0.7195304752438921
998,0.6712354293579145,0.7195520944938897
999,0.6712623307569895,0.7195737096507036
